config,windows,level,normalized,richer,quantity,truth,median,lo,hi,width_post,width_prior,contraction,bias_log,covered
E1_swe,swe,independent,False,False,mu,2999.9999999999977,3009.5959811739763,2999.464369839594,3019.761815134659,0.0067442297751941875,2.302585092994047,0.0029289817760544427,0.003193555560027761,True
E1_swe,swe,independent,False,False,eta_s,1.5,1.4883310732724593,1.468657034764647,1.5082686639793519,0.02661401142711176,4.605170185988092,0.005779159152052363,-0.007809700966909083,True
E1_swe,swe,independent,False,False,phi,0.028000000000000004,0.022369548319084696,0.005001983249013664,0.10003965768948503,2.995732200675014,2.995732273553991,0.9999999756723997,-0.2245039262456019,True
E1_swe,swe,independent,False,False,k,3.4999999999999997e-13,3.1910008288056284e-13,1.0117210389443007e-14,1.0064519662518188e-11,6.902533640747056,6.907755278982138,0.9992440904426697,-0.09242836146703937,True
E1_swe,swe,independent,False,False,S_v,2.8000000000000023e-05,2.2360679774997884e-05,1.4338978448964585e-06,0.0003486998755034075,5.493815094879565,5.493815094879565,1.0,-0.22490046096410943,True
E2_ceus,ceus,independent,False,False,phi,0.028000000000000004,0.023980956654339646,0.0068322594050231845,0.08417219662861518,2.51120923552241,2.995732273553991,0.838262236479241,-0.1549444675292202,True
E2_ceus,ceus,independent,False,False,k,3.4999999999999997e-13,3.162277660168375e-13,9.999999999999987e-15,9.999999999999985e-12,6.907755278982138,6.907755278982138,1.0,-0.10147042199834644,True
E2_ceus,ceus,independent,False,False,D,1.0000000000000004e-06,1.0108229538186174e-06,9.843704393181063e-07,1.037986314048999e-06,0.05303558978542266,4.605170185988092,0.011516531994146763,0.010764804840169617,True
E2_ceus,ceus,independent,False,False,vmag,0.0010488088481701513,0.0010542827452611077,0.0010460064147846055,0.001062624560657385,0.015762350199816977,4.605170185988091,0.0034227508568035665,0.005205583502939426,True
E2_ceus,ceus,independent,False,False,S_v,2.8000000000000023e-05,2.2360679774997884e-05,1.4338978448964585e-06,0.0003486998755034075,5.493815094879565,5.493815094879565,1.0,-0.22490046096410943,True
E2_ceus,ceus,independent,False,False,A,1.0,1.179766331694713,0.33608301638608623,4.141383317630868,2.5114269436788024,4.605170185988092,0.5453494316714262,0.16531639488070327,True
E2_ceus,ceus,independent,False,False,t0,4.0,4.012548783590557,3.9811514720293957,4.043946095151718,0.06279462312232181,13.499999999999998,0.004651453564616432,0.012548783590556667,True
E2n_ceus_norm,ceus,independent,True,False,phi,0.028000000000000004,0.022360678831371484,0.0049999997889987186,0.0999999957799744,2.995732273553991,2.995732273553991,1.0,-0.22490050316436516,True
E2n_ceus_norm,ceus,independent,True,False,k,3.4999999999999997e-13,3.162277660168375e-13,9.999999999999987e-15,9.999999999999985e-12,6.907755278982138,6.907755278982138,1.0,-0.10147042199834644,True
E2n_ceus_norm,ceus,independent,True,False,D,1.0000000000000004e-06,9.923363002658303e-07,9.601870202720042e-07,1.025562012436201e-06,0.06586796785247892,4.605170185988092,0.014303047486256187,-0.007693216784224077,True
E2n_ceus_norm,ceus,independent,True,False,vmag,0.0010488088481701513,0.0010518101305335742,0.0010446982514281764,0.0010589704244078689,0.013569049275293938,4.605170185988091,0.002946481612466738,0.0028575238404329184,True
E2n_ceus_norm,ceus,independent,True,False,S_v,2.8000000000000023e-05,2.2360679774997884e-05,1.4338978448964585e-06,0.0003486998755034075,5.493815094879565,5.493815094879565,1.0,-0.22490046096410943,True
E2n_ceus_norm,ceus,independent,True,False,A,1.0,1.0000019524716395,0.10000019524716393,10.000019524716397,4.605170185988092,4.605170185988092,1.0,1.952469733385373e-06,True
E2n_ceus_norm,ceus,independent,True,False,t0,4.0,3.991886259402108,3.95393214455667,4.029840374247545,0.0759082296908749,13.499999999999998,0.005622831828953697,-0.00811374059789216,True
E2_ceus_Acal,ceus,independent,False,False,phi,0.028000000000000004,0.028263677373524854,0.02561041207868061,0.03119182370906447,0.19715700924457055,2.995732273553991,0.06581262651040344,0.009372985067158446,True
E2_ceus_Acal,ceus,independent,False,False,k,3.4999999999999997e-13,3.162277660168375e-13,9.999999999999987e-15,9.999999999999985e-12,6.907755278982138,6.907755278982138,1.0,-0.10147042199834644,True
E2_ceus_Acal,ceus,independent,False,False,D,1.0000000000000004e-06,1.0107732445560564e-06,9.84324530718263e-07,1.037932633015728e-06,0.05303051054594917,4.605170185988092,0.011515429051308963,0.010715626609016482,True
E2_ceus_Acal,ceus,independent,False,False,vmag,0.0010488088481701513,0.001054280493157189,0.001046004263171712,0.0010626222066069156,0.01576219186095371,4.605170185988091,0.003422716473956272,0.00520344735271383,True
E2_ceus_Acal,ceus,independent,False,False,S_v,2.8000000000000023e-05,2.2360679774997884e-05,1.4338978448964585e-06,0.0003486998755034075,5.493815094879565,5.493815094879565,1.0,-0.22490046096410943,True
E2_ceus_Acal,ceus,independent,False,False,A,1.0,1.0009490004368053,0.9101286439876369,1.1008321824546923,0.19023574572762872,0.19062035960864981,0.9979823042941964,0.00094855042057879,True
E2_ceus_Acal,ceus,independent,False,False,t0,4.0,4.012498562063261,3.9811027212706076,4.043894402855914,0.06279168158530657,13.499999999999998,0.004651235672985672,0.01249856206326072,True
E3_joint_independent,swe+ceus,independent,False,False,mu,2999.9999999999977,3009.5961480407673,2999.464581535953,3019.761936866616,0.006744199508913851,2.302585092994047,0.002928968631575905,0.003193611004940422,True
E3_joint_independent,swe+ceus,independent,False,False,eta_s,1.5,1.4883312691930566,1.468657369405015,1.508268717403578,0.026613818993359573,4.605170185988092,0.0057791173655940085,-0.00780956932913851,True
E3_joint_independent,swe+ceus,independent,False,False,phi,0.028000000000000004,0.028040621503183778,0.0254092927067653,0.030944444749359912,0.19707853017168517,2.995732273553991,0.06578642955229133,0.0014497166237141812,True
E3_joint_independent,swe+ceus,independent,False,False,k,3.4999999999999997e-13,3.193699771664253e-13,1.0125837703713399e-14,1.0072962385904897e-11,6.9025197760461126,6.907755278982138,0.9992420833216321,-0.09158292072102014,True
E3_joint_independent,swe+ceus,independent,False,False,D,1.0000000000000004e-06,9.949490517373512e-07,9.690316205022847e-07,1.0215596628724464e-06,0.05278857621577673,4.605170185988092,0.011462893679020538,-0.005063747418597941,True
E3_joint_independent,swe+ceus,independent,False,False,vmag,0.0010488088481701513,0.0010475233185690467,0.0010393457110518417,0.0010557652677812184,0.015674485094035278,4.605170185988091,0.003403671191507148,-0.0012264561720147782,True
E3_joint_independent,swe+ceus,independent,False,False,S_v,2.8000000000000023e-05,2.2360679774997884e-05,1.4338978448964585e-06,0.0003486998755034075,5.493815094879565,5.493815094879565,1.0,-0.22490046096410943,True
E3_joint_independent,swe+ceus,independent,False,False,A,1.0,1.0009155792556335,0.9100982558642934,1.1007954254842844,0.19023574438264446,0.19062035960864981,0.9979822972383695,0.0009151603686100515,True
E3_joint_independent,swe+ceus,independent,False,False,t0,4.0,3.9974326678178316,3.965854368494822,4.029010967140842,0.06315659864601941,13.499999999999998,0.004678266566371809,-0.0025673321821684247,True
E4_joint_constitutive,swe+ceus,constitutive,False,False,mu,2999.9999999999977,3009.5961418124716,2999.4645753584887,3019.7619305872163,0.006744199489003125,2.302585092994047,0.0029289686229287864,0.0031936089354616115,True
E4_joint_constitutive,swe+ceus,constitutive,False,False,eta_s,1.5,1.4883312890491311,1.4686573933545504,1.5082687330522233,0.026613813061501405,4.605170185988092,0.005779116077507374,-0.007809555987972616,True
E4_joint_constitutive,swe+ceus,constitutive,False,False,phi,0.028000000000000004,0.028040620140097672,0.025409291472041462,0.03094444324456715,0.19707853013623214,2.995732273553991,0.06578642954045681,0.0014496680125897221,True
E4_joint_constitutive,swe+ceus,constitutive,False,False,k,3.4999999999999997e-13,3.193729692975647e-13,1.0125933119138771e-14,1.0073056212978267e-11,6.902519667825768,6.907755278982138,0.9992420676551326,-0.09157355190949446,True
E4_joint_constitutive,swe+ceus,constitutive,False,False,D,1.0000000000000004e-06,9.949490417456407e-07,9.690316107856278e-07,1.02155965259792e-06,0.05278857618527258,4.605170185988092,0.011462893672396645,-0.005063757461032381,True
E4_joint_constitutive,swe+ceus,constitutive,False,False,vmag,0.0010488088481701513,0.0010475233170284058,0.0010393457095375805,0.0010557652662138762,0.015674485066415642,4.605170185988091,0.0034036711855096194,-0.0012264576427609697,True
E4_joint_constitutive,swe+ceus,constitutive,False,False,S_v,2.800000000000001e-05,2.8040620140097652e-05,2.798158585668629e-06,0.000280997789713683,4.609385250654825,5.493815094879564,0.8390135399625919,0.0014496680125883898,True
E4_joint_constitutive,swe+ceus,constitutive,False,False,C_v,0.0010000000000000002,0.0010000000000000002,0.00010000000000000009,0.009999999999999995,4.605170185988091,4.605170185988091,1.0,0.0,True
E4_joint_constitutive,swe+ceus,constitutive,False,False,A,1.0,1.000915618708825,0.9100982917377243,1.1007954688744563,0.19023574438265556,0.19062035960864981,0.9979822972384279,0.0009151997857114735,True
E4_joint_constitutive,swe+ceus,constitutive,False,False,t0,4.0,3.9974326560112523,3.965854356542049,4.029010955480455,0.06315659893840643,13.499999999999998,0.004678266588030106,-0.0025673439887476945,True
E5_joint_network,swe+ceus,network,False,False,mu,2999.9999999999977,3009.5387854352566,2999.4094647272195,3019.7023139229295,0.006742830778940272,2.302585092994047,0.0029283741997011637,0.0031745509220062473,True
E5_joint_network,swe+ceus,network,False,False,eta_s,1.5,1.488150202275214,1.4684916588198478,1.5080719125851318,0.026596164267222073,4.605170185988092,0.005775283690523494,-0.007931234402347664,True
E5_joint_network,swe+ceus,network,False,False,phi,0.028000000000000004,0.028022598211738473,0.025396228529703767,0.03092057584920811,0.19682116747097755,2.9957322735539917,0.065700519772242,0.0008067534775424434,True
E5_joint_network,swe+ceus,network,False,False,k,3.4999999999999997e-13,5.118640096522638e-13,9.557015803564284e-14,2.741491379344359e-12,3.3563967334477827,6.907755278982139,0.48588819347149037,0.3801258291285663,True
E5_joint_network,swe+ceus,network,False,False,D,1.0000000000000004e-06,9.948856444516585e-07,9.689744554356554e-07,1.0214897203775866e-06,0.05277910118098807,4.605170185988092,0.011460836201358258,-0.005127478627864335,True
E5_joint_network,swe+ceus,network,False,False,vmag,0.0010488088481701513,0.0010475165975021873,0.0010393392505400414,0.0010557582824591745,0.01567408467362829,4.605170185988091,0.0034035842413205498,-0.0012328723427117438,True
E5_joint_network,swe+ceus,network,False,False,S_v,2.800000000000001e-05,2.802259821173849e-05,2.7963755622921833e-06,0.0002808156461976976,4.609374254047747,5.493815094879564,0.8390115383285928,0.0008067534775424434,True
E5_joint_network,swe+ceus,network,False,False,C_v,0.0010000000000000002,0.0010000000000000002,0.00010000000000000009,0.009999999999999995,4.605170185988091,4.605170185988091,1.0,0.0,True
E5_joint_network,swe+ceus,network,False,False,A,1.0,1.001497244640073,0.9107253639336998,1.1013163471031597,0.19002003730465045,0.19062035960864981,0.9968506915775847,0.0014961248868737714,True
E5_joint_network,swe+ceus,network,False,False,t0,4.0,3.997363667875297,3.9657889733756293,4.028938362374965,0.06314938899933525,13.499999999999998,0.004677732518469279,-0.0026363321247031557,True
E4_joint_constitutive_Cvcal,swe+ceus,constitutive,False,False,mu,2999.9999999999977,3009.5961418124716,2999.4645753584887,3019.7619305872163,0.006744199489003125,2.302585092994047,0.0029289686229287864,0.0031936089354616115,True
E4_joint_constitutive_Cvcal,swe+ceus,constitutive,False,False,eta_s,1.5,1.4883312890491311,1.4686573933545504,1.5082687330522233,0.026613813061501405,4.605170185988092,0.005779116077507374,-0.007809555987972616,True
E4_joint_constitutive_Cvcal,swe+ceus,constitutive,False,False,phi,0.028000000000000004,0.028040620140097672,0.025409291472041462,0.03094444324456715,0.19707853013623214,2.995732273553991,0.06578642954045681,0.0014496680125897221,True
E4_joint_constitutive_Cvcal,swe+ceus,constitutive,False,False,k,3.4999999999999997e-13,3.193729692975647e-13,1.0125933119138771e-14,1.0073056212978267e-11,6.902519667825768,6.907755278982138,0.9992420676551326,-0.09157355190949446,True
E4_joint_constitutive_Cvcal,swe+ceus,constitutive,False,False,D,1.0000000000000004e-06,9.949490417456407e-07,9.690316107856278e-07,1.02155965259792e-06,0.05278857618527258,4.605170185988092,0.011462893672396645,-0.005063757461032381,True
E4_joint_constitutive_Cvcal,swe+ceus,constitutive,False,False,vmag,0.0010488088481701513,0.0010475233170284058,0.0010393457095375805,0.0010557652662138762,0.015674485066415642,4.605170185988091,0.0034036711855096194,-0.0012264576427609697,True
E4_joint_constitutive_Cvcal,swe+ceus,constitutive,False,False,S_v,2.800000000000001e-05,2.8040620140097652e-05,1.847441771499051e-05,4.2560279299263106e-05,0.8345344586134956,3.1035495276192426,0.2688967748659302,0.0014496680125883898,True
E4_joint_constitutive_Cvcal,swe+ceus,constitutive,False,False,C_v,0.0010000000000000002,0.0010000000000000002,0.0006666666666666666,0.0015000000000000007,0.8109302162163292,0.8109302162163292,1.0,0.0,True
E4_joint_constitutive_Cvcal,swe+ceus,constitutive,False,False,A,1.0,1.000915618708825,0.9100982917377243,1.1007954688744563,0.19023574438265556,0.19062035960864981,0.9979822972384279,0.0009151997857114735,True
E4_joint_constitutive_Cvcal,swe+ceus,constitutive,False,False,t0,4.0,3.9974326560112523,3.965854356542049,4.029010955480455,0.06315659893840643,13.499999999999998,0.004678266588030106,-0.0025673439887476945,True
E5_ceus_only_network,ceus,network,False,False,phi,0.028000000000000004,0.02824331499229303,0.025595242468008688,0.031165355934834563,0.19690059805385574,2.9957322735539917,0.06572703435219276,0.0086522819732342,True
E5_ceus_only_network,ceus,network,False,False,k,3.4999999999999997e-13,5.191847229177619e-13,9.686121421024237e-14,2.782876290670017e-12,3.3579611361277797,6.907755278982139,0.4861146639552895,0.39432658620110317,True
E5_ceus_only_network,ceus,network,False,False,D,1.0000000000000004e-06,1.0106990749686154e-06,9.842569949939086e-07,1.0378515218464227e-06,0.05302097423049119,4.605170185988092,0.011513358266718418,0.010642244859726091,True
E5_ceus_only_network,ceus,network,False,False,vmag,0.0010488088481701513,0.0010542725149391072,0.001045996566084955,0.0010626139432906663,0.015761774074943873,4.605170185988091,0.0034226257528769282,0.005195879871079612,True
E5_ceus_only_network,ceus,network,False,False,S_v,2.800000000000001e-05,2.8243314992293036e-05,2.818396113112057e-06,0.0002830279384940982,4.60937764643206,5.493815094879564,0.8390121558201271,0.008652281973233755,True
E5_ceus_only_network,ceus,network,False,False,C_v,0.0010000000000000002,0.0010000000000000002,0.00010000000000000009,0.009999999999999995,4.605170185988091,4.605170185988091,1.0,0.0,True
E5_ceus_only_network,ceus,network,False,False,A,1.0,1.0015992763700734,0.9108175851793695,1.1014292288038028,0.19002127293802046,0.19062035960864981,0.9968571737465016,0.0015979988894678856,True
E5_ceus_only_network,ceus,network,False,False,t0,4.0,4.012418664545072,3.981026239614793,4.0438110894753505,0.06278484986055767,13.499999999999998,0.0046507296193005684,0.012418664545071678,True
E6_joint_independent_norm,swe+ceus,independent,True,False,mu,2999.9999999999977,3009.595979091311,2999.4643677340223,3019.761813075079,0.006744229795144014,2.302585092994047,0.002928981784718542,0.0031935548680195325,True
E6_joint_independent_norm,swe+ceus,independent,True,False,eta_s,1.5,1.488331080358839,1.4686570430587345,1.508268669824179,0.026614009654905634,4.605170185988092,0.005779158767222691,-0.007809696205616501,True
E6_joint_independent_norm,swe+ceus,independent,True,False,phi,0.028000000000000004,0.022369487192446542,0.00500196958068728,0.10003938432274008,2.995732200672642,2.995732273553991,0.999999975671608,-0.22450665883191956,True
E6_joint_independent_norm,swe+ceus,independent,True,False,k,3.4999999999999997e-13,3.191021874284131e-13,1.0117277479863437e-14,1.0064585677744295e-11,6.90253356863426,6.907755278982138,0.9992440800032731,-0.09242176622929676,True
E6_joint_independent_norm,swe+ceus,independent,True,False,D,1.0000000000000004e-06,1.001405973435562e-06,9.690135783301917e-07,1.0348811885179964e-06,0.06576328089050455,4.605170185988092,0.014280315001299847,0.001404985980359541,True
E6_joint_independent_norm,swe+ceus,independent,True,False,vmag,0.0010488088481701513,0.0010501832211444778,0.001043085153550263,0.0010573295902252978,0.013563659366848365,4.605170185988091,0.0029453112087188,0.0013095553726305553,True
E6_joint_independent_norm,swe+ceus,independent,True,False,S_v,2.8000000000000023e-05,2.2360679774997884e-05,1.4338978448964585e-06,0.0003486998755034075,5.493815094879565,5.493815094879565,1.0,-0.22490046096410943,True
E6_joint_independent_norm,swe+ceus,independent,True,False,A,1.0,0.9999999521368461,0.9090908655789509,1.0999999473505309,0.19062035960864981,0.19062035960864981,1.0,-4.786315503389231e-08,True
E6_joint_independent_norm,swe+ceus,independent,True,False,t0,4.0,4.006560008061669,3.968745998705914,4.044374017417423,0.07562801871150952,13.499999999999998,0.005602075460111817,0.006560008061669009,True
E6_joint_constitutive_norm,swe+ceus,constitutive,True,False,mu,2999.9999999999977,3009.5959836563115,2999.4643722834317,3019.7618176557244,0.006744229795293055,2.302585092994047,0.00292898178478327,0.0031935563848346504,True
E6_joint_constitutive_norm,swe+ceus,constitutive,True,False,eta_s,1.5,1.4883310730981132,1.4686570336763365,1.5082686647436523,0.026614012674876297,4.605170185988092,0.005779159423000989,-0.007809701084051157,True
E6_joint_constitutive_norm,swe+ceus,constitutive,True,False,phi,0.028000000000000004,0.02236944881497085,0.0050019609992178245,0.10003921269355141,2.9957322006745204,2.995732273553991,0.9999999756722351,-0.2245083744505334,True
E6_joint_constitutive_norm,swe+ceus,constitutive,True,False,k,3.4999999999999997e-13,3.190999548659322e-13,1.0117206298998992e-14,1.0064515656413433e-11,6.902533647010256,6.907755278982138,0.9992440913493608,-0.09242876264103828,True
E6_joint_constitutive_norm,swe+ceus,constitutive,True,False,D,1.0000000000000004e-06,1.0014059803560348e-06,9.69013585080942e-07,1.034881195611995e-06,0.06576328077877652,4.605170185988092,0.014280314977038414,0.0014049928911159526,True
E6_joint_constitutive_norm,swe+ceus,constitutive,True,False,vmag,0.0010488088481701513,0.0010501832221891775,0.0010430851545951214,0.001057329591269788,0.013563659353005433,4.605170185988091,0.002945311205712845,0.0013095563674090371,True
E6_joint_constitutive_norm,swe+ceus,constitutive,True,False,S_v,2.800000000000001e-05,2.2369448814970837e-05,1.4344601956387032e-06,0.0003488366158970324,5.493815055138987,5.493815094879564,0.999999992766306,-0.22450837445053473,True
E6_joint_constitutive_norm,swe+ceus,constitutive,True,False,C_v,0.0010000000000000002,0.0010000000000000002,0.00010000000000000009,0.009999999999999995,4.605170185988091,4.605170185988091,1.0,0.0,True
E6_joint_constitutive_norm,swe+ceus,constitutive,True,False,A,1.0,1.0000001803675869,0.9090910730614425,1.1000001984043457,0.19062035960864981,0.19062035960864981,1.0,1.8036757061142024e-07,True
E6_joint_constitutive_norm,swe+ceus,constitutive,True,False,t0,4.0,4.006560016156038,3.96874600697568,4.044374025336396,0.07562801836071609,13.499999999999998,0.005602075434127118,0.00656001615603774,True
E6_joint_network_norm,swe+ceus,network,True,False,mu,2999.9999999999977,3009.59880782866,2999.468688553199,3019.7631396021297,0.006743228547841139,2.302585092994047,0.002928546948539883,0.003194494773588019,True
E6_joint_network_norm,swe+ceus,network,True,False,eta_s,1.5,1.4883400336686599,1.4686735402198101,1.5082698742494502,0.02660357544530912,4.605170185988092,0.005776893007397298,-0.007803680552910586,True
E6_joint_network_norm,swe+ceus,network,True,False,phi,0.028000000000000004,0.022052070824595166,0.006651946265255477,0.07310549548377698,2.3969940582318725,2.9957322735539917,0.8001362736557879,-0.23879799774445498,True
E6_joint_network_norm,swe+ceus,network,True,False,k,3.4999999999999997e-13,3.095435605080726e-13,1.5182066475612354e-14,6.311210401161817e-12,6.029967865662025,6.907755278982139,0.8729272567036486,-0.12283432748674628,True
E6_joint_network_norm,swe+ceus,network,True,False,D,1.0000000000000004e-06,1.0014065547380036e-06,9.69014116360524e-07,1.0348818153843474e-06,0.06576333139289973,4.605170185988092,0.014280325967755622,0.001405566466484487,True
E6_joint_network_norm,swe+ceus,network,True,False,vmag,0.0010488088481701513,0.0010501832567453662,0.0010430851774174618,0.0010573296377184632,0.013563681403528658,4.605170185988091,0.0029453159939231252,0.0013095892723224978,True
E6_joint_network_norm,swe+ceus,network,True,False,S_v,2.800000000000001e-05,2.2052070824595163e-05,1.644743172562754e-06,0.00029566550922065433,5.191644533008061,5.493815094879564,0.9449980465936799,-0.23879799774445587,True
E6_joint_network_norm,swe+ceus,network,True,False,C_v,0.0010000000000000002,0.0010000000000000002,0.00010000000000000009,0.009999999999999995,4.605170185988091,4.605170185988091,1.0,0.0,True
E6_joint_network_norm,swe+ceus,network,True,False,A,1.0,0.9999999395815762,0.9090908541650692,1.099999933539734,0.19062035960864981,0.19062035960864981,1.0,-6.041842563562598e-08,True
E6_joint_network_norm,swe+ceus,network,True,False,t0,4.0,4.006560606599573,3.968746556633675,4.044374656565471,0.07562809993179562,13.499999999999998,0.005602081476429305,0.006560606599572694,True
E8_relax_independent,swe+ceus+relax,independent,False,False,mu,2999.9999999999977,3009.5984949807876,2999.4714841115588,3019.7596973233103,0.006741156612948128,2.302585092994047,0.0029276471186489854,0.003194390823557214,True
E8_relax_independent,swe+ceus+relax,independent,False,False,eta_s,1.5,1.488338683224802,1.468688536442707,1.508251736851321,0.026581339399001723,4.605170185988092,0.0057720645112919735,-0.007804587902333515,True
E8_relax_independent,swe+ceus+relax,independent,False,False,phi,0.028000000000000004,0.028040620968050333,0.025409292222289694,0.030944444158272216,0.19707853013697546,2.995732273553991,0.06578642954070495,0.0014496975394919787,True
E8_relax_independent,swe+ceus+relax,independent,False,False,k,3.4999999999999997e-13,3.114483450220015e-13,9.240513735525892e-14,1.0497259610579785e-12,2.4301018434343433,6.907755278982138,0.3517932736888184,-0.11669965658133208,True
E8_relax_independent,swe+ceus+relax,independent,False,False,D,1.0000000000000004e-06,9.949490417768015e-07,9.690316108130575e-07,1.0215596526329918e-06,0.0527885761912961,4.605170185988092,0.011462893673704637,-0.005063757429713434,True
E8_relax_independent,swe+ceus+relax,independent,False,False,vmag,0.0010488088481701513,0.0010475233175608304,0.0010393457100659337,0.0010557652667504036,0.01567448506625272,4.605170185988091,0.0034036711854742415,-0.001226457134491099,True
E8_relax_independent,swe+ceus+relax,independent,False,False,S_v,2.8000000000000023e-05,2.2171691086131723e-05,6.599478171333892e-06,7.448829632532803e-05,2.423651435783105,5.493815094879565,0.44115999427101876,-0.23338821132648135,True
E8_relax_independent,swe+ceus+relax,independent,False,False,M,95999.99999999997,118274.23943204289,35280.98663150515,396496.72667420586,2.419323588997105,6.907755278982138,0.3502329615466045,0.20865779952388408,True
E8_relax_independent,swe+ceus+relax,independent,False,False,A,1.0,1.0009155887952481,0.9100982645378195,1.1007954359764707,0.19023574438378485,0.19062035960864981,0.9979822972443522,0.0009151698994985217,True
E8_relax_independent,swe+ceus+relax,independent,False,False,t0,4.0,3.997432656748277,3.965854357287127,4.029010956209427,0.06315659892229951,13.499999999999998,0.004678266586837001,-0.002567343251723031,True
E8_relax_constitutive,swe+ceus+relax,constitutive,False,False,mu,2999.9999999999977,3009.5930208351215,2999.466011578969,3019.754221616058,0.006741167819540065,2.302585092994047,0.002927651985610025,0.0031925719262346774,True
E8_relax_constitutive,swe+ceus+relax,constitutive,False,False,eta_s,1.5,1.4883213890116096,1.4686715864966289,1.5082340921930344,0.026581181520083614,4.605170185988092,0.005772030228320502,-0.007816207780164952,True
E8_relax_constitutive,swe+ceus+relax,constitutive,False,False,phi,0.028000000000000004,0.02803158998570344,0.025402813506613806,0.03093240191374898,0.19694430425671208,2.995732273553991,0.06574162384112749,0.0011275778202453068,True
E8_relax_constitutive,swe+ceus+relax,constitutive,False,False,k,3.4999999999999997e-13,3.2991957771427164e-13,1.0240656831617201e-13,1.0628901011808855e-12,2.339796133205708,6.907755278982138,0.3387201831432683,-0.059084233619699944,True
E8_relax_constitutive,swe+ceus+relax,constitutive,False,False,D,1.0000000000000004e-06,9.949279378757074e-07,9.690121447455984e-07,1.0215368372142415e-06,0.052786330401786444,4.605170185988092,0.011462406006708857,-0.005084968691827285,True
E8_relax_constitutive,swe+ceus+relax,constitutive,False,False,vmag,0.0010488088481701513,0.0010475225093848262,0.0010393449439768448,0.0010557644158726285,0.015674416219427664,4.605170185988091,0.003403656235576133,-0.0012272286460195403,True
E8_relax_constitutive,swe+ceus+relax,constitutive,False,False,S_v,2.800000000000001e-05,2.3508154760510152e-05,7.332212934834759e-06,7.537060709442564e-05,2.3301400012735303,5.493815094879564,0.42413877442750225,-0.17485713813397474,True
E8_relax_constitutive,swe+ceus+relax,constitutive,False,False,C_v,0.0010000000000000002,0.0008386308009106761,0.00026103923029810314,0.002694237258640862,2.334199718689441,4.605170185988091,0.5068650287434736,-0.17598471595421916,True
E8_relax_constitutive,swe+ceus+relax,constitutive,False,False,M,95999.99999999997,111580.27614013535,34865.134611685855,357094.79289765604,2.326513951251845,6.907755278982138,0.3367973903665358,0.15039610576397244,True
E8_relax_constitutive,swe+ceus+relax,constitutive,False,False,A,1.0,1.001216176675353,0.9104264666475432,1.1010596343136492,0.19011516462958036,0.19062035960864981,0.9973497323155479,0.0012154377315635847,True
E8_relax_constitutive,swe+ceus+relax,constitutive,False,False,t0,4.0,3.9974112293254973,3.9658336076450356,4.028988851005959,0.0631552433609233,13.499999999999998,0.004678166174883208,-0.002588770674502694,True
E8_relax_network,swe+ceus+relax,network,False,False,mu,2999.9999999999977,3009.576278335092,2999.4493472643985,3019.7374005925794,0.006741153251231283,2.302585092994047,0.00292764565867391,0.003187008866218477,True
E8_relax_network,swe+ceus+relax,network,False,False,eta_s,1.5,1.48826848872801,1.4686201143946476,1.5081797347258417,0.026580187720135175,4.605170185988092,0.005771814427403641,-0.007851752000751555,True
E8_relax_network,swe+ceus+relax,network,False,False,phi,0.028000000000000004,0.0279648703324022,0.025354626575113528,0.030843837135257315,0.1959757404050224,2.9957322735539917,0.06541830928453639,-0.0012554186940154644,True
E8_relax_network,swe+ceus+relax,network,False,False,k,3.4999999999999997e-13,3.862888827866074e-13,1.420348951282991e-13,1.0505805691603935e-12,2.001025445603679,6.907755278982139,0.28967810305789105,0.09865233607056467,True
E8_relax_network,swe+ceus+relax,network,False,False,D,1.0000000000000004e-06,9.94751858993875e-07,9.688508696926065e-07,1.021345278129053e-06,0.0527652386193189,4.605170185988092,0.011457825984339278,-0.005261960871743909,True
E8_relax_network,swe+ceus+relax,network,False,False,vmag,0.0010488088481701513,0.001047510907513696,0.0010393338380457013,0.001055752310945078,0.015673636163689185,4.605170185988091,0.0034034868486247333,-0.0012383042413173229,True
E8_relax_network,swe+ceus+relax,network,False,False,S_v,2.800000000000001e-05,2.7420902487053475e-05,1.0051701377159382e-05,7.480384314968423e-05,2.0071273512304724,5.493815094879564,0.36534308428057366,-0.02089892312339181,True
E8_relax_network,swe+ceus+relax,network,False,False,C_v,0.0010000000000000002,0.000980548172085803,0.000360890673427296,0.0026641716967908983,1.999073411555985,4.605170185988091,0.4340932757791363,-0.019643504429375902,True
E8_relax_network,swe+ceus+relax,network,False,False,M,95999.99999999997,95629.03439164272,35153.232504983825,260144.27598888587,2.0015198075750167,6.907755278982138,0.28974966928329604,-0.0038717104945718006,True
E8_relax_network,swe+ceus+relax,network,False,False,A,1.0,1.0034257520071326,0.9128260515939995,1.1030176428826388,0.1892596760365467,0.19062035960864981,0.9928618140533538,0.00341989748567432,True
E8_relax_network,swe+ceus+relax,network,False,False,t0,4.0,3.997227214433911,3.965656700071386,4.0287977287964365,0.06314102872505045,13.499999999999998,0.004677113238892626,-0.0027727855660888423,True
E8_relax_constitutive_norm,swe+ceus+relax,constitutive,True,False,mu,2999.9999999999977,3009.598260114651,2999.471248274681,3019.7594634371585,0.006741157787182573,2.302585092994047,0.002927647628612525,0.003194312784527753,True
E8_relax_constitutive_norm,swe+ceus+relax,constitutive,True,False,eta_s,1.5,1.4883382701896384,1.4686881038472337,1.508251343977315,0.026581373461379756,4.605170185988092,0.005772071907843384,-0.007804865416601969,True
E8_relax_constitutive_norm,swe+ceus+relax,constitutive,True,False,phi,0.028000000000000004,0.022310016079510244,0.006042236834391151,0.08237625090016193,2.612522897933116,2.995732273553991,0.8720815678344134,-0.22716878099994942,True
E8_relax_constitutive_norm,swe+ceus+relax,constitutive,True,False,k,3.4999999999999997e-13,3.114397126766685e-13,9.240256283656063e-14,1.0496970176431972e-12,2.4301021322967378,6.907755278982138,0.35179331550593307,-0.11672737374568243,True
E8_relax_constitutive_norm,swe+ceus+relax,constitutive,True,False,D,1.0000000000000004e-06,1.0014059829744175e-06,9.69013587634026e-07,1.0348811982971898e-06,0.06576328073873793,4.605170185988092,0.014280314968344142,0.001404995505822626,True
E8_relax_constitutive_norm,swe+ceus+relax,constitutive,True,False,vmag,0.0010488088481701513,0.0010501832224274793,0.001043085154834162,0.00105732959150733,0.0135636593485014,4.605170185988091,0.002945311204734807,0.0013095565943235243,True
E8_relax_constitutive_norm,swe+ceus+relax,constitutive,True,False,S_v,2.800000000000001e-05,2.217114822107745e-05,6.599317268763925e-06,7.44864647995711e-05,2.423651228781946,5.493815094879564,0.44115995659207335,-0.23341269622924266,True
E8_relax_constitutive_norm,swe+ceus+relax,constitutive,True,False,C_v,0.0010000000000000002,0.0009937755375012773,0.00021798611004992776,0.004530517190796032,3.034160036721939,4.605170185988091,0.6588594805798531,-0.006243915229293684,True
E8_relax_constitutive_norm,swe+ceus+relax,constitutive,True,False,M,95999.99999999997,118277.1944140802,35281.86611064609,396506.6551353664,2.4193237016061957,6.907755278982138,0.35023297784844004,0.20868278336768853,True
E8_relax_constitutive_norm,swe+ceus+relax,constitutive,True,False,A,1.0,0.9999999453276965,0.9090908593888151,1.0999999398604663,0.19062035960864981,0.19062035960864981,1.0,-5.467230490285952e-08,True
E8_relax_constitutive_norm,swe+ceus+relax,constitutive,True,False,t0,4.0,4.006560019176753,3.968746010057521,4.044374028295985,0.07562801823846396,13.499999999999998,0.005602075425071406,0.006560019176752974,True
E8_relax_constitutive_Pcal,swe+ceus+relax,constitutive,False,False,mu,2999.9999999999977,3009.577573206861,2999.451261459144,3019.738071937687,0.0067407373883898725,2.302585092994047,0.002927465051736657,0.0031874391166493155,True
E8_relax_constitutive_Pcal,swe+ceus+relax,constitutive,False,False,eta_s,1.5,1.4882725752562729,1.4686273643840178,1.5081805718559185,0.026575806192523012,4.605170185988092,0.005770862990771506,-0.007849006177210072,True
E8_relax_constitutive_Pcal,swe+ceus+relax,constitutive,False,False,phi,0.028000000000000004,0.028039069946484193,0.02541016515740329,0.030939958028363135,0.19689919158266625,2.995732273553991,0.06572656486057568,0.001394382628113533,True
E8_relax_constitutive_Pcal,swe+ceus+relax,constitutive,False,False,k,3.4999999999999997e-13,3.819472342983979e-13,3.253192222436095e-13,4.484324313272607e-13,0.3209510928074725,6.907755278982138,0.046462429522367926,0.08734931447336791,True
E8_relax_constitutive_Pcal,swe+ceus+relax,constitutive,False,False,D,1.0000000000000004e-06,9.949454369364625e-07,9.690295425953724e-07,1.0215544304556228e-06,0.052785598529283564,4.605170185988092,0.011462247082614127,-0.005067380576948111,True
E8_relax_constitutive_Pcal,swe+ceus+relax,constitutive,False,False,vmag,0.0010488088481701513,0.0010475231816804657,0.001039345588926518,0.001055765115904625,0.015674458741642913,4.605170185988091,0.003403665469157853,-0.0012265868503371635,True
E8_relax_constitutive_Pcal,swe+ceus+relax,constitutive,False,False,S_v,2.800000000000001e-05,2.7197660312202002e-05,2.312389292427174e-05,3.19891087923823e-05,0.32452908592187774,5.493815094879564,0.05907171616029645,-0.029073558506757635,True
E8_relax_constitutive_Pcal,swe+ceus+relax,constitutive,False,False,C_v,0.0010000000000000002,0.0009699915283963374,0.0008025115139647575,0.0011724237581493214,0.37908227065277317,4.605170185988091,0.08231666916592721,-0.03046794113487028,True
E8_relax_constitutive_Pcal,swe+ceus+relax,constitutive,False,False,M,95999.99999999997,96422.54332724815,84287.7916605509,110304.31191195217,0.269005983717972,6.907755278982138,0.03894260477589041,0.004391834751968915,True
E8_relax_constitutive_Pcal,swe+ceus+relax,constitutive,False,False,A,1.0,1.0009672182435907,0.9102185637656864,1.100763499980908,0.19007455827391864,0.19062035960864981,0.9971367101822086,0.0009667507894211943,True
E8_relax_constitutive_Pcal,swe+ceus+relax,constitutive,False,False,t0,4.0,3.9974289993993075,3.9658519352201,4.029006063578516,0.06315412835841563,13.499999999999998,0.004678083582104862,-0.0025710006006924857,True
E8_relax_constitutive_Cvcal,swe+ceus+relax,constitutive,False,False,mu,2999.9999999999977,3009.576795063393,2999.4503717316684,3019.7374061418,0.006740813537155559,2.302585092994047,0.002927498122725398,0.0031871805609053894,True
E8_relax_constitutive_Cvcal,swe+ceus+relax,constitutive,False,False,eta_s,1.5,1.488270125586873,1.4686243777490817,1.5081786740522134,0.026576581477329456,4.605170185988092,0.005771031341728177,-0.007850652160248772,True
E8_relax_constitutive_Cvcal,swe+ceus+relax,constitutive,False,False,phi,0.028000000000000004,0.028008421269724866,0.02538620499668592,0.03090149402499453,0.19659861693837039,2.995732273553991,0.06562623057938864,0.0003007144139188789,True
E8_relax_constitutive_Cvcal,swe+ceus+relax,constitutive,False,False,k,3.4999999999999997e-13,3.845564513727762e-13,2.4388703608319323e-13,6.063613165645149e-13,0.9107708891295192,6.907755278982138,0.1318475904756895,0.09415744130009074,True
E8_relax_constitutive_Cvcal,swe+ceus+relax,constitutive,False,False,D,1.0000000000000004e-06,9.94873853871128e-07,9.68962268206621e-07,1.0214783563742769e-06,0.05278055371787213,4.605170185988092,0.011461151615735013,-0.005139329889829014,True
E8_relax_constitutive_Cvcal,swe+ceus+relax,constitutive,False,False,vmag,0.0010488088481701513,0.00104752047790541,0.0010393430201480328,0.001055762275167722,0.015674239585331654,4.605170185988091,0.0034036178799695263,-0.0012291679660512145,True
E8_relax_constitutive_Cvcal,swe+ceus+relax,constitutive,False,False,S_v,2.800000000000001e-05,2.7468057014845924e-05,1.8436982275113635e-05,4.092286605868509e-05,0.797330425453577,3.1035495276192426,0.2569091997269383,-0.019180743736464834,True
E8_relax_constitutive_Cvcal,swe+ceus+relax,constitutive,False,False,C_v,0.0010000000000000002,0.0009807070791432641,0.0006650447568564963,0.00144619796662685,0.7768389577941592,0.8109302162163292,0.9579603056583161,-0.01948145815038238,True
E8_relax_constitutive_Cvcal,swe+ceus+relax,constitutive,False,False,M,95999.99999999997,95562.87944046372,63607.04601918276,143573.14949350854,0.8141204072131276,6.907755278982138,0.11785600015249655,-0.004563737186424888,True
E8_relax_constitutive_Cvcal,swe+ceus+relax,constitutive,False,False,A,1.0,1.0019882456617086,0.9112699971691822,1.101737627226889,0.18980464570020283,0.19062035960864981,0.9957207409002813,0.001986271717327547,True
E8_relax_constitutive_Cvcal,swe+ceus+relax,constitutive,False,False,t0,4.0,3.9973563638904315,3.9657804892047333,4.02893223857613,0.0631517493713961,13.499999999999998,0.004677907360844156,-0.0026436361095685257,True
E8_relax_network_Cvcal,swe+ceus+relax,network,False,False,mu,2999.9999999999977,3009.574392612399,2999.447981420103,3019.7349914966544,0.006740810832777477,2.302585092994047,0.00292749694822892,0.003186382291874068,True
E8_relax_network_Cvcal,swe+ceus+relax,network,False,False,eta_s,1.5,1.4882625283805888,1.4686169873837165,1.5081708657936643,0.026576436368251796,4.605170185988092,0.005770999831692326,-0.00785575689597151,True
E8_relax_network_Cvcal,swe+ceus+relax,network,False,False,phi,0.028000000000000004,0.027964512924591158,0.025354367865065713,0.0308433634500948,0.1959705864711997,2.9957322735539917,0.06541658885916052,-0.001268199375304313,True
E8_relax_network_Cvcal,swe+ceus+relax,network,False,False,k,3.4999999999999997e-13,3.9262798730107484e-13,2.514311599172096e-13,6.131170713401362e-13,0.8913866646315292,6.907755278982139,0.1290414365638725,0.11492941188145878,True
E8_relax_network_Cvcal,swe+ceus+relax,network,False,False,D,1.0000000000000004e-06,9.94751002803932e-07,9.688500830559866e-07,1.021344349229154e-06,0.052765141060035305,4.605170185988092,0.011457804799610016,-0.005262821579169241,True
E8_relax_network_Cvcal,swe+ceus+relax,network,False,False,vmag,0.0010488088481701513,0.0010475109256816973,0.0010393338573769554,0.0010557523279303264,0.015673633652319822,4.605170185988091,0.0034034863032878053,-0.0012382868973439543,True
E8_relax_network_Cvcal,swe+ceus+relax,network,False,False,S_v,2.800000000000001e-05,2.788491125855115e-05,1.8824017049528782e-05,4.130724456163502e-05,0.785904340540329,3.1035495276192435,0.2532275813697751,-0.004118782746814986,True
E8_relax_network_Cvcal,swe+ceus+relax,network,False,False,C_v,0.0010000000000000002,0.0009971534756834618,0.0006813475238999416,0.001459336123181725,0.7616644110604839,0.8109302162163292,0.9392477870836881,-0.002850583371509785,True
E8_relax_network_Cvcal,swe+ceus+relax,network,False,False,M,95999.99999999997,94048.75052699154,62995.25803024796,140410.05231601992,0.80150763252366,6.907755278982138,0.11603011400278829,-0.02053492100849752,True
E8_relax_network_Cvcal,swe+ceus+relax,network,False,False,A,1.0,1.003437666181741,0.9128389774073578,1.1030282172788204,0.1892551026635089,0.19062035960864981,0.9928378220041981,0.003431770914130609,True
E8_relax_network_Cvcal,swe+ceus+relax,network,False,False,t0,4.0,3.997226401695125,3.965655915051639,4.028796888338611,0.06314097328697253,13.499999999999998,0.004677109132368336,-0.0027735983048748913,True
E8_relax_independent_matched,swe+ceus+relax,independent,False,False,mu,2999.9999999999977,3009.5982655642456,2999.471426189706,3019.759295254726,0.006741042777735357,2.302585092994047,0.002927597680644233,0.003194314595265979,True
E8_relax_independent_matched,swe+ceus+relax,independent,False,False,eta_s,1.5,1.4883379895687618,1.4686887601263738,1.5082501012692304,0.02658010267430822,4.605170185988092,0.005771795959936964,-0.0078050539630557525,True
E8_relax_independent_matched,swe+ceus+relax,independent,False,False,phi,0.028000000000000004,0.028040618418956446,0.025409289912390703,0.030944441345214305,0.19707853013790363,2.995732273553991,0.06578642954101478,0.0014496066323039791,True
E8_relax_independent_matched,swe+ceus+relax,independent,False,False,k,3.4999999999999997e-13,3.122144346183022e-13,1.1157409335658126e-13,8.736602758894505e-13,2.058002715119613,6.907755278982138,0.2979264076394526,-0.1142429123066151,True
E8_relax_independent_matched,swe+ceus+relax,independent,False,False,D,1.0000000000000004e-06,9.949490424202796e-07,9.690316114403554e-07,1.021559653293067e-06,0.0527885761900973,4.605170185988092,0.011462893673444321,-0.005063756782968554,True
E8_relax_independent_matched,swe+ceus+relax,independent,False,False,vmag,0.0010488088481701513,0.0010475233176806503,0.0010393457101844452,0.0010557652668715452,0.01567448506697023,4.605170185988091,0.003403671185630047,-0.0012264570201070413,True
E8_relax_independent_matched,swe+ceus+relax,independent,False,False,S_v,2.8000000000000023e-05,2.2227109520181192e-05,8.025776537580076e-06,6.155720824132155e-05,2.037308528594222,3.1035495276192435,0.6564446645570554,-0.23089181673594084,True
E8_relax_independent_matched,swe+ceus+relax,independent,False,False,M,95999.99999999997,117980.70296115152,42627.52558232842,326536.5765677444,2.0360417836364753,6.907755278982138,0.2947472371859252,0.20617288539711964,True
E8_relax_independent_matched,swe+ceus+relax,independent,False,False,A,1.0,1.0009156804175767,0.9100983478469123,1.1007955367415947,0.19023574438368032,0.19062035960864981,0.9979822972438038,0.0009152614380111568,True
E8_relax_independent_matched,swe+ceus+relax,independent,False,False,t0,4.0,3.9974326575388095,3.9658543580894117,4.029010956988207,0.06315659889879566,13.499999999999998,0.004678266585095975,-0.0025673424611905027,True
E8_relax_constitutive_Cvcal_norm,swe+ceus+relax,constitutive,True,False,mu,2999.9999999999977,3009.598019848278,2999.471186620754,3019.7590433529667,0.00674103923029984,2.302585092994047,0.002927596140012563,0.0031942329511540635,True
E8_relax_constitutive_Cvcal_norm,swe+ceus+relax,constitutive,True,False,eta_s,1.5,1.4883374990201343,1.4686882660474836,1.5082496144337623,0.0265801163008195,4.605170185988092,0.0057717989188962905,-0.00780538355802135,True
E8_relax_constitutive_Cvcal_norm,swe+ceus+relax,constitutive,True,False,phi,0.028000000000000004,0.022238589823020998,0.007966079367281073,0.062082594776528235,2.053273224340021,2.995732273553991,0.6853994405528495,-0.2303754500414108,True
E8_relax_constitutive_Cvcal_norm,swe+ceus+relax,constitutive,True,False,k,3.4999999999999997e-13,3.1224019582200873e-13,1.1158330695984997e-13,8.737323040806341e-13,2.0580025809561446,6.907755278982138,0.2979263882173013,-0.11416040445907782,True
E8_relax_constitutive_Cvcal_norm,swe+ceus+relax,constitutive,True,False,D,1.0000000000000004e-06,1.001405976981797e-06,9.690135817904217e-07,1.03488119215212e-06,0.06576328083125754,4.605170185988092,0.014280314988434522,0.0014049895216157182,True
E8_relax_constitutive_Cvcal_norm,swe+ceus+relax,constitutive,True,False,vmag,0.0010488088481701513,0.001050183221708178,0.0010430851541140265,0.0010573295907889072,0.01356365935942254,4.605170185988091,0.002945311207106303,0.0013095559093940778,True
E8_relax_constitutive_Cvcal_norm,swe+ceus+relax,constitutive,True,False,S_v,2.800000000000001e-05,2.2229050539054495e-05,8.026478149749586e-06,6.156257808828086e-05,2.037308342200759,3.1035495276192426,0.6564446044988992,-0.23080449390500135,True
E8_relax_constitutive_Cvcal_norm,swe+ceus+relax,constitutive,True,False,C_v,0.0010000000000000002,0.0009995710481625676,0.0006717027470791046,0.0014874768410127518,0.7950206662259607,0.8109302162163292,0.9803811108869516,-0.00042904386358966207,True
E8_relax_constitutive_Cvcal_norm,swe+ceus+relax,constitutive,True,False,M,95999.99999999997,117970.52295453355,42623.85084320707,326508.37526061013,2.0360416244778436,6.907755278982138,0.29474721414535343,0.20608659632119064,True
E8_relax_constitutive_Cvcal_norm,swe+ceus+relax,constitutive,True,False,A,1.0,1.000000048073282,0.9090909527938927,1.1000000528806102,0.19062035960864981,0.19062035960864981,1.0,4.807328086784323e-08,True
E8_relax_constitutive_Cvcal_norm,swe+ceus+relax,constitutive,True,False,t0,4.0,4.006560012716051,3.968746003453375,4.044374021978727,0.0756280185253516,13.499999999999998,0.005602075446322341,0.006560012716050778,True
