case,arm,windows,n_frames_used,quantity,truth,median,lo,hi,width_post,width_prior,contraction,bias_log,covered
main,independent,bmode+swe+ceus,0,sig_e,0.0005999999999999997,0.0005988382188455176,0.00042179577300849964,0.0008501915744491015,0.700940459117061,3.688879454113936,0.19001446586587525,-0.0019381789801302673,True
main,independent,bmode+swe+ceus,0,R,0.005000000000000002,0.005020078881071479,0.004994578226903626,0.0050457097330925725,0.010185354928062015,1.7917594692280547,0.005684554820547526,0.004007734506935812,True
main,independent,bmode+swe+ceus,0,x_c,0.012,0.011997142518574758,0.011974121539511242,0.012020163497638275,4.6041958127034304e-05,0.006,0.007673659687839051,-2.8574814252418923e-06,True
main,independent,bmode+swe+ceus,0,c_s,2.0,1.9986268191974526,1.992177565207393,2.0050969512848034,0.006464119994906443,1.6094379124341003,0.004016383574020673,-0.000686826212406566,True
main,independent,bmode+swe+ceus,0,alpha0,40.0,38.84089887658858,35.2103940352933,42.84574106240369,0.1962649242186746,4.382026634673881,0.04478861964591437,-0.029405667895050946,True
main,independent,bmode+swe+ceus,0,v,0.0010000000000000002,0.0009996802230415754,0.0009978166282762274,0.0010015472983917835,0.003731861313973858,2.5902671654458267,0.0014407244796046143,-0.00031982809797881373,True
main,independent,bmode+swe+ceus,0,D,9.999999999999994e-08,9.740542871696014e-08,9.477857743800978e-08,1.0010508492533917e-07,0.05467707615375217,4.605170185988094,0.011872976230089215,-0.02628824057905277,True
main,independent,bmode+swe+ceus,0,w_bmode,0.00035000000000000005,0.00034434995789533004,0.00012152805221199289,0.0009757162345996518,2.0830266823664245,2.120263536200092,0.9824376294748705,-0.016274694765650466,True
main,independent,bmode+swe+ceus,0,w_swe,0.0006325345840347388,0.0006814305772615903,0.0005778564866522092,0.0008035691254713529,0.329737667079793,1.2107693123672645,0.2723373178620612,0.07445948097054611,True
main,independent,bmode+swe+ceus,0,w_ceus,0.0008750000000000001,0.0008940541520046909,0.0008725947885879546,0.0009160412566872175,0.048590115320322994,2.120263536200091,0.02291701691356989,0.021542459693629112,True
main,independent,bmode+swe+ceus,0,w0,0.00035,0.00034443879652589035,0.00012143647806765795,0.0009848950264247556,2.0931437515276476,2.11942557602302,0.9875995530144122,-0.01601673866377534,True
main,shared,bmode+swe+ceus,0,sig_e,0.0005999999999999997,0.0005909177558662896,0.0005510824360255365,0.0006336325953634115,0.13958487425554011,3.688879454113936,0.037839369920280634,-0.015252808464579104,True
main,shared,bmode+swe+ceus,0,R,0.005000000000000002,0.0050200779570583704,0.004994577082340153,0.005045709031911789,0.01018544512352578,1.7917594692280547,0.00568460515959432,0.00400755044345491,True
main,shared,bmode+swe+ceus,0,x_c,0.012,0.011997142213876016,0.011974121074785894,0.01202016335296614,4.604227818024747e-05,0.006,0.007673713030041244,-2.8577861239838243e-06,True
main,shared,bmode+swe+ceus,0,c_s,2.0,1.9985995473771476,1.9921509163618323,2.005069052735682,0.006463582914163908,1.6094379124341003,0.004016049866992657,-0.0007004715843741405,True
main,shared,bmode+swe+ceus,0,alpha0,40.0,39.45390217086898,36.19507797065583,43.00613463992202,0.17241962963658464,4.382026634673881,0.039347006308056466,-0.01374649736980027,True
main,shared,bmode+swe+ceus,0,v,0.0010000000000000002,0.0009996833523843918,0.0009978197249291224,0.001001550460535828,0.0037319151437938606,2.5902671654458267,0.0014407452611752262,-0.0003166977590502995,True
main,shared,bmode+swe+ceus,0,D,9.999999999999994e-08,9.736811865928504e-08,9.47451515890603e-08,1.000637011207577e-07,0.05461632230088332,4.605170185988094,0.011859783698561563,-0.026671352748380173,True
main,shared,bmode+swe+ceus,0,w0,0.00035000000000000005,0.000357792831722757,0.0003492351670825765,0.0003665601935269018,0.04841722019697849,2.120263536200092,0.0228354727468224,0.022020982077325613,True
main,shared,bmode+swe+ceus,0,w_bmode,0.00035,0.0003578326773953591,0.00034923568538677407,0.0003665858661597139,0.04848577024198342,2.1242152100674785,0.022825262719234178,0.022132341083217835,True
main,shared,bmode+swe+ceus,0,w_swe,0.0006325345840347388,0.0006410668303877493,0.0006317060276250045,0.0006506880870627744,0.029606258683938513,1.2142957006831088,0.024381424283461885,0.013398813638626902,True
main,shared,bmode+swe+ceus,0,w_ceus,0.000875,0.0008945816934883977,0.0008730892134669352,0.0009164646653992847,0.04848577024198342,2.1242152100674794,0.02282526271923417,0.022132341083217835,True
main,shared_calibrated,bmode+swe+ceus,0,sig_e,0.0005999999999999997,0.0005896154987577918,0.0005454942086340463,0.0006373054578268198,0.15555687767005083,3.688879454113936,0.04216914095595335,-0.01745902778388153,True
main,shared_calibrated,bmode+swe+ceus,0,R,0.005000000000000002,0.005020077915292384,0.004994577008467372,0.00504570902258238,0.010185458065144233,1.7917594692280547,0.005684612382449104,0.0040075421236664965,True
main,shared_calibrated,bmode+swe+ceus,0,x_c,0.012,0.01199714224054295,0.011974121078313717,0.012020163402772184,4.6042324458466e-05,0.006,0.007673720743077667,-2.8577594570495385e-06,True
main,shared_calibrated,bmode+swe+ceus,0,c_s,2.0,1.9986023409699438,1.9921536305473446,2.0050719262214103,0.006463653584964897,1.6094379124341003,0.004016093777230165,-0.000699073810193962,True
main,shared_calibrated,bmode+swe+ceus,0,alpha0,40.0,39.381486838745154,36.055301412550804,43.01452060779032,0.17648383711015783,4.382026634673881,0.04027447841455033,-0.01558362542613656,True
main,shared_calibrated,bmode+swe+ceus,0,v,0.0010000000000000002,0.0009996829138584377,0.0009978192911713065,0.0010015500172254382,0.003731907225265867,2.5902671654458267,0.0014407422041438516,-0.00031713642400266195,True
main,shared_calibrated,bmode+swe+ceus,0,D,9.999999999999994e-08,9.737333992545234e-08,9.474984734331783e-08,1.000694733985381e-07,0.054624445948608394,4.605170185988094,0.011861547726251526,-0.026617730204865353,True
main,shared_calibrated,bmode+swe+ceus,0,w0,0.00035000000000000005,0.00035993788853125634,0.00032775937066322066,0.000395275605204465,0.1873035431701676,2.120263536200092,0.08833974643824254,0.027998330223741874,True
main,shared_calibrated,bmode+swe+ceus,0,gamma_swe,1.0,1.0064443718953393,0.9185511081753118,1.102747865311463,0.18276285700264425,0.19062035960864981,0.9587793107612571,0.006423695713239879,True
main,shared_calibrated,bmode+swe+ceus,0,gamma_ceus,1.0,0.9939739143040834,0.9074834264233478,1.0887076430816045,0.18207132015903263,0.19062035960864981,0.9551514881874703,-0.006044315824766214,True
main,shared_calibrated,bmode+swe+ceus,0,w_bmode,0.00035,0.0003599804300596807,0.00032828924080903265,0.0003953362353016355,0.18584157988942618,2.11942557602302,0.08768488122057448,0.028116514543755196,True
main,shared_calibrated,bmode+swe+ceus,0,w_swe,0.0006325345840347388,0.0006457849067033749,0.0006002594595771822,0.0007002983724002034,0.1541444961395273,1.2011934103870985,0.1283261253405082,0.02073158915638278,True
main,shared_calibrated,bmode+swe+ceus,0,w_ceus,0.000875,0.000894387729846273,0.0008732917147112066,0.0009161848979132391,0.04794854588083375,2.1232923880306878,0.02258216821721152,0.021915497083142024,True
main,oracle,bmode+swe+ceus,0,sig_e,0.0005999999999999997,0.0005955586969094398,0.0005563217299257094,0.0006375630186364192,0.13630634706777836,3.688879454113936,0.03695061027699507,-0.007429703840055701,True
main,oracle,bmode+swe+ceus,0,R,0.005000000000000002,0.005020078564877592,0.004994577825517086,0.0050457095029717335,0.01018538968528642,1.7917594692280547,0.005684574218923815,0.004007671521093492,True
main,oracle,bmode+swe+ceus,0,x_c,0.012,0.011997142434163156,0.01197412139211077,0.012020163476215541,4.604208410477215e-05,0.006,0.007673680684128692,-2.8575658368446e-06,True
main,oracle,bmode+swe+ceus,0,c_s,2.0,1.998595023120967,1.9921462615213825,2.0050646599579633,0.006463728668637856,1.6094379124341003,0.00401614042933919,-0.000702735300138202,True
main,oracle,bmode+swe+ceus,0,alpha0,40.0,39.57823232411119,36.32148134574844,43.12699856567599,0.1717398789770102,4.382026634673881,0.0391918838690015,-0.01060017577283956,True
main,oracle,bmode+swe+ceus,0,v,0.0010000000000000002,0.0009995385433012377,0.0009976843191994232,0.0010013962135302025,0.0037136058661566868,2.5902671654458267,0.0014336767711439972,-0.0004615632026707672,True
main,oracle,bmode+swe+ceus,0,D,9.999999999999994e-08,9.906624920546478e-08,9.720792578548635e-08,1.0096009818475677e-07,0.03787312215883653,4.605170185988094,0.008224043983015234,-0.009381375763620525,True
main,oracle,bmode+swe+ceus,0,w0,0.00035,0.00035,0.00035,0.00035,0.0,nan,0.0,0.0,True
main,oracle,bmode+swe+ceus,0,w_bmode,0.00035,0.00035,0.00035,0.00035,0.0,nan,0.0,0.0,True
main,oracle,bmode+swe+ceus,0,w_swe,0.0006325345840347388,0.0006325345840347388,0.0006325345840347388,0.0006325345840347388,0.0,nan,0.0,0.0,True
main,oracle,bmode+swe+ceus,0,w_ceus,0.000875,0.000875,0.000875,0.000875,0.0,nan,0.0,0.0,True
one_frame,independent,bmode+swe+ceus,1,sig_e,0.0005999999999999997,0.0005988380511586998,0.0004217953877116936,0.0008501918749302808,0.7009417260127097,3.688879454113936,0.190014809302321,-0.0019384590004030144,True
one_frame,independent,bmode+swe+ceus,1,R,0.005000000000000002,0.005020078895890508,0.004994578242281205,0.005045709747346948,0.010185354674255725,1.7917594692280547,0.005684554678895538,0.004007737458887384,True
one_frame,independent,bmode+swe+ceus,1,x_c,0.012,0.011997142529257755,0.011974121550580771,0.012020163507934738,4.604195735396563e-05,0.006,0.007673659558994272,-2.857470742245738e-06,True
one_frame,independent,bmode+swe+ceus,1,c_s,2.0,1.9986268191740253,1.9921775651915183,2.0050969512537753,0.0064641199874002535,1.6094379124341003,0.004016383569356815,-0.0006868262241281897,True
one_frame,independent,bmode+swe+ceus,1,alpha0,40.0,38.84089927726052,35.21039444741803,42.84574144487958,0.19626492144085372,4.382026634673881,0.044788619012002,-0.029405657579328448,True
one_frame,independent,bmode+swe+ceus,1,v,0.0010000000000000002,0.0010753676492432575,0.000975988352821349,0.0011848661694538144,0.19393445726436945,2.5902671654458267,0.07487044574067717,0.07266260240725053,True
one_frame,independent,bmode+swe+ceus,1,D,9.999999999999994e-08,1.0601968564771808e-07,7.138280453527591e-08,1.574633249284328e-07,0.7911355660515159,4.605170185988094,0.17179290538678937,0.058454604539047494,True
one_frame,independent,bmode+swe+ceus,1,w_bmode,0.00035000000000000005,0.00034435019309552486,0.00012152814370389524,0.0009757168329160006,2.083026542727898,2.120263536200092,0.9824375636158279,-0.016274011739243477,True
one_frame,independent,bmode+swe+ceus,1,w_swe,0.0006325345840347388,0.0006814305401370326,0.0005778564464682488,0.0008035690937938894,0.32973769719852764,1.2107693123672645,0.2723373427377616,0.07445942649022186,True
one_frame,independent,bmode+swe+ceus,1,w_ceus,0.0008750000000000001,0.0008699596695217442,0.0003058218714794865,0.0024747406813418462,2.090888081191021,2.120263536200091,0.9861453755594382,-0.00577703265505658,True
one_frame,independent,bmode+swe+ceus,1,w0,0.00035,0.0003439911891013039,0.00012033360881328338,0.0009745127667832767,2.091669660747666,2.11942557602302,0.9869040387219274,-0.017317110515686504,True
one_frame,shared,bmode+swe+ceus,1,sig_e,0.0005999999999999997,0.0005746966158354878,0.0005002050938437582,0.0006602815611388513,0.27764814982964225,3.688879454113936,0.07526625721531824,-0.04308737829558762,True
one_frame,shared,bmode+swe+ceus,1,R,0.005000000000000002,0.005020076233490876,0.004994574873208243,0.005045707798924654,0.010185643066189862,1.7917594692280547,0.005684715633498593,0.004007207108589483,True
one_frame,shared,bmode+swe+ceus,1,x_c,0.012,0.011997141773057095,0.011974120285473342,0.012020163260640848,4.604297516750457e-05,0.006,0.007673829194584095,-2.8582269429051205e-06,True
one_frame,shared,bmode+swe+ceus,1,c_s,2.0,1.9986176419055783,1.9921683596608986,2.0050878025269627,0.006464178090694281,1.6094379124341003,0.004016419670963208,-0.0006914180215707999,True
one_frame,shared,bmode+swe+ceus,1,alpha0,40.0,39.02775291069642,35.39643110605551,43.03161221804067,0.1953240146071424,4.382026634673881,0.04457389945136169,-0.02460644796605349,True
one_frame,shared,bmode+swe+ceus,1,v,0.0010000000000000002,0.0010857139456034392,0.0009844688939960123,0.001197371271826657,0.19578152423394185,2.5902671654458267,0.07558352545469753,0.08223778497693246,True
one_frame,shared,bmode+swe+ceus,1,D,9.999999999999994e-08,1.0285984669902947e-07,8.749861290091415e-08,1.2091789472056107e-07,0.3234888185680477,4.605170185988094,0.07024470443075262,0.02819716397286598,True
one_frame,shared,bmode+swe+ceus,1,w0,0.00035000000000000005,0.0003833494552145183,0.0002939505381284461,0.0004999371858576186,0.5310709467187413,2.120263536200092,0.25047402723838735,0.0910138344027045,True
one_frame,shared,bmode+swe+ceus,1,w_bmode,0.00035,0.0003837197093176562,0.0002942107235196239,0.0005019933155424371,0.5342905466867096,2.1242152100674785,0.2515237364625297,0.09197920792835902,True
one_frame,shared,bmode+swe+ceus,1,w_swe,0.0006325345840347388,0.0006697701083475949,0.0005741580807415269,0.0008086499162763327,0.34246132663854834,1.2142957006831088,0.2820246554820995,0.05719963421330961,True
one_frame,shared,bmode+swe+ceus,1,w_ceus,0.000875,0.0009592992732941404,0.0007355268087990599,0.0012549832888560928,0.5342905466867105,2.1242152100674794,0.25152373646253,0.09197920792835883,True
one_frame,shared_calibrated,bmode+swe+ceus,1,sig_e,0.0005999999999999997,0.0005749096127553939,0.000497824294121383,0.0006639311635481716,0.2879312830287063,3.688879454113936,0.07805386069409172,-0.04271682198326765,True
one_frame,shared_calibrated,bmode+swe+ceus,1,R,0.005000000000000002,0.0050200762602097,0.004994574906807486,0.005045707818691923,0.010185640256683812,1.7917594692280547,0.00568471406548341,0.004007212430983564,True
one_frame,shared_calibrated,bmode+swe+ceus,1,x_c,0.012,0.011997141780218958,0.011974120297599925,0.012020163262837991,4.604296523806553e-05,0.006,0.007673827539677589,-2.858219781042004e-06,True
one_frame,shared_calibrated,bmode+swe+ceus,1,c_s,2.0,1.9986176628203536,1.9921683800005305,2.0050878240203915,0.006464178600343716,1.6094379124341003,0.004016419987626206,-0.0006914075569504075,True
one_frame,shared_calibrated,bmode+swe+ceus,1,alpha0,40.0,39.02730896698361,35.39574796393443,43.03146374407326,0.19533986418681107,4.382026634673881,0.044577516403286,-0.024617823108219472,True
one_frame,shared_calibrated,bmode+swe+ceus,1,v,0.0010000000000000002,0.0010856159986050071,0.0009843886484036351,0.0011972528313267316,0.19576411711549166,2.5902671654458267,0.07557680525274986,0.0821475665384499,True
one_frame,shared_calibrated,bmode+swe+ceus,1,D,9.999999999999994e-08,1.0288914863408185e-07,8.661268225230494e-08,1.2222432825493595e-07,0.3444118613008988,4.605170185988094,0.07478808543250419,0.028481995839996443,True
one_frame,shared_calibrated,bmode+swe+ceus,1,w0,0.00035000000000000005,0.00038302932582179615,0.0002895427371509976,0.0005067005509552434,0.5596172896933501,2.120263536200092,0.26393760970689933,0.09017840049126757,True
one_frame,shared_calibrated,bmode+swe+ceus,1,gamma_swe,1.0,1.00090309568808,0.9102716521517379,1.100558283441947,0.18982978662716524,0.19062035960864981,0.9958526309408521,0.00090268814251898,True
one_frame,shared_calibrated,bmode+swe+ceus,1,gamma_ceus,1.0,1.0000224949148935,0.9091270449855889,1.1000057647076822,0.19058585154410715,0.19062035960864981,0.9998189696808174,2.2494661886697237e-05,True
one_frame,shared_calibrated,bmode+swe+ceus,1,w_bmode,0.00035,0.00038276176358882294,0.00028853147196294054,0.0005077351406756162,0.5651557667334046,2.11942557602302,0.26665516030710873,0.08947961397478638,True
one_frame,shared_calibrated,bmode+swe+ceus,1,w_swe,0.0006325345840347388,0.0006692011911221202,0.0005731349427289134,0.0008056001569320293,0.3404663450725973,1.2011934103870985,0.2834400706234961,0.05634985160790795,True
one_frame,shared_calibrated,bmode+swe+ceus,1,w_ceus,0.000875,0.0009564779674208484,0.0007118190631487637,0.0012880386867238206,0.5930521881637398,2.1232923880306878,0.27930782943831123,0.08903386767385753,True
one_frame,oracle,bmode+swe+ceus,1,sig_e,0.0005999999999999997,0.0005955587000993602,0.0005563217330786886,0.0006375630218528074,0.13630634644504744,3.688879454113936,0.03695061010818204,-0.007429698483874425,True
one_frame,oracle,bmode+swe+ceus,1,R,0.005000000000000002,0.005020078564225552,0.004994577824807132,0.005045709502378219,0.010185389709804586,1.7917594692280547,0.005684574232607665,0.004007671391207168,True
one_frame,oracle,bmode+swe+ceus,1,x_c,0.012,0.01199714243497112,0.011974121392877667,0.012020163477064574,4.6042084186908594e-05,0.006,0.0076736806978181,-2.857565028879794e-06,True
one_frame,oracle,bmode+swe+ceus,1,c_s,2.0,1.9985950230819463,1.9921462614650478,2.005064659936369,0.006463728686146193,1.6094379124341003,0.004016140440217731,-0.000702735319662362,True
one_frame,oracle,bmode+swe+ceus,1,alpha0,40.0,39.57823265637655,36.32148166926554,43.12699890565742,0.17173987795322598,4.382026634673881,0.039191883635368914,-0.010600167377685654,True
one_frame,oracle,bmode+swe+ceus,1,v,0.0010000000000000002,0.0010759202819364063,0.000976443942742534,0.0011855308865256074,0.19402861638828847,2.5902671654458267,0.07490679686506121,0.07317637157528711,True
one_frame,oracle,bmode+swe+ceus,1,D,9.999999999999994e-08,1.0584879606466094e-07,9.535735085843446e-08,1.1749453531874414e-07,0.20876040207344027,4.605170185988094,0.04533174533019962,0.05684143755229343,True
one_frame,oracle,bmode+swe+ceus,1,w0,0.00035,0.00035,0.00035,0.00035,0.0,nan,0.0,0.0,True
one_frame,oracle,bmode+swe+ceus,1,w_bmode,0.00035,0.00035,0.00035,0.00035,0.0,nan,0.0,0.0,True
one_frame,oracle,bmode+swe+ceus,1,w_swe,0.0006325345840347388,0.0006325345840347388,0.0006325345840347388,0.0006325345840347388,0.0,nan,0.0,0.0,True
one_frame,oracle,bmode+swe+ceus,1,w_ceus,0.000875,0.000875,0.000875,0.000875,0.0,nan,0.0,0.0,True
no_ceus,independent,bmode+swe,0,sig_e,0.0005999999999999997,0.0005988396359547715,0.0004217993257806721,0.0008501884371833094,0.7009283461087673,3.688879454113936,0.1900111822106503,-0.0019358125520492209,True
no_ceus,independent,bmode+swe,0,R,0.005000000000000002,0.005020078859127302,0.0049945782038870465,0.005045709712232351,0.010185355402124889,1.7917594692280547,0.005684555085127054,0.004007730135654697,True
no_ceus,independent,bmode+swe,0,x_c,0.012,0.011997142501950596,0.011974121522141666,0.012020163481759527,4.604195961786236e-05,0.006,0.007673659936310393,-2.8574980494040086e-06,True
no_ceus,independent,bmode+swe,0,c_s,2.0,1.998626818255329,1.9921775642691526,2.005096950338782,0.006464119994060321,1.6094379124341003,0.004016383573494949,-0.0006868266837919412,True
no_ceus,independent,bmode+swe,0,alpha0,40.0,38.840898838221456,35.21039399429747,42.84574102764319,0.19626492457169095,4.382026634673881,0.04478861972647443,-0.02940566888285323,True
no_ceus,independent,bmode+swe,0,w_bmode,0.00035000000000000005,0.00034434760105992894,0.00012152713928634323,0.0009757102080411835,2.0830280178842,2.120263536200092,0.9824382593577848,-0.016281539091931307,True
no_ceus,independent,bmode+swe,0,w_swe,0.0006325345840347388,0.0006814305848902453,0.0005778564950084438,0.000803569131843152,0.32973766054842296,1.2107693123672645,0.27233731246766446,0.07445949216560432,True
no_ceus,independent,bmode+swe,0,w_ceus,0.0008750000000000001,0.0008660254037844393,0.0003000000000000001,0.002500000000000003,2.120263536200091,2.120263536200091,1.0,-0.010309643601367213,True
no_ceus,independent,bmode+swe,0,w0,0.00035,0.0003429992702934271,0.00012220646424443543,0.0009783084151133794,2.0801130289691843,2.122382051854519,0.9800841592830092,-0.020204834744193222,True
no_ceus,shared,bmode+swe,0,sig_e,0.0005999999999999997,0.0005747428456074439,0.0005001874623307776,0.0006604110727559439,0.2778795258296383,3.688879454113936,0.07532897978537621,-0.04300693948426826,True
no_ceus,shared,bmode+swe,0,R,0.005000000000000002,0.005020076218659829,0.004994574858827259,0.005045707783639322,0.01018564291613832,1.7917594692280547,0.0056847155497532316,0.004007204154242494,True
no_ceus,shared,bmode+swe,0,x_c,0.012,0.011997141761180902,0.01197412027394405,0.012020163248417755,4.6042974473707325e-05,0.006,0.007673829078951221,-2.858238819097858e-06,True
no_ceus,shared,bmode+swe,0,c_s,2.0,1.9986175855704889,1.9921683002630153,2.00508774927512,0.006464181348029206,1.6094379124341003,0.00401642169485919,-0.0006914462085982898,True
no_ceus,shared,bmode+swe,0,alpha0,40.0,39.028947392190425,35.396640183665035,43.03399211446419,0.1953734121220517,4.382026634673881,0.04458517220687587,-0.02457584248338618,True
no_ceus,shared,bmode+swe,0,w0,0.00035000000000000005,0.00038328010052642275,0.00029376169916338097,0.0005000775658566765,0.5319943264993985,2.120263536200092,0.250909529601604,0.0908329003707058,True
no_ceus,shared,bmode+swe,0,w_bmode,0.00035,0.0003824590523529822,0.00029314891156378,0.000498196985183946,0.5303148408878124,2.124634963304377,0.24960280238588875,0.08868844038064293,True
no_ceus,shared,bmode+swe,0,w_swe,0.0006325345840347388,0.0006683553369244296,0.0005730925905374737,0.0008040351128668173,0.338595648213996,1.2149747504255828,0.2786853373663875,0.0550850761868909,True
no_ceus,shared,bmode+swe,0,w_ceus,0.000875,0.0009561476308824555,0.00073287227890945,0.0012454924629598653,0.5303148408878133,2.124634963304377,0.24960280238588917,0.08868844038064293,True
no_ceus,shared_calibrated,bmode+swe,0,sig_e,0.0005999999999999997,0.0005749609997924714,0.0004978045103137271,0.0006640762476700333,0.2881895233261704,3.688879454113936,0.07812386577305307,-0.042627443166988854,True
no_ceus,shared_calibrated,bmode+swe,0,R,0.005000000000000002,0.005020076246189031,0.0049945748934763215,0.005045707803975054,0.010185640009101297,1.7917594692280547,0.005684713927304978,0.004007209638063891,True
no_ceus,shared_calibrated,bmode+swe,0,x_c,0.012,0.01199714176819601,0.011974120286095338,0.012020163250296681,4.604296420134294e-05,0.006,0.00767382736689049,-2.858231803990613e-06,True
no_ceus,shared_calibrated,bmode+swe,0,c_s,2.0,1.9986176065828958,1.9921683207614385,2.0050877708046237,0.006464181795962689,1.6094379124341003,0.004016421973175912,-0.0006914356951278622,True
no_ceus,shared_calibrated,bmode+swe,0,alpha0,40.0,39.02850294456089,35.39597707828102,43.033818185746554,0.19538810419896355,4.382026634673881,0.04458852501098609,-0.02458723018891895,True
no_ceus,shared_calibrated,bmode+swe,0,w0,0.00035000000000000005,0.0003829521232035189,0.00028933432917362795,0.0005068611425576041,0.5606542176914058,2.120263536200092,0.2644266658927705,0.08997682219289782,True
no_ceus,shared_calibrated,bmode+swe,0,gamma_swe,1.0,1.0009238460762941,0.9102769761052482,1.1005974796052904,0.1898595520578501,0.19062035960864981,0.9960087812636506,0.0009234195931575473,True
no_ceus,shared_calibrated,bmode+swe,0,gamma_ceus,1.0,1.0,0.9090909090909091,1.1,0.19062035960864981,0.19062035960864981,1.0,2.0816681711721685e-17,True
no_ceus,shared_calibrated,bmode+swe,0,w_bmode,0.00035,0.0003824174074143553,0.0002898741365272406,0.0005087493655867901,0.5625086729571436,2.122382051854519,0.2650364822231833,0.08857954713877046,True
no_ceus,shared_calibrated,bmode+swe,0,w_swe,0.0006325345840347388,0.0006691145307376803,0.0005738271997205212,0.0008085752053127744,0.3429453877994062,1.215425063557257,0.28216086543063995,0.05622034497035523,True
no_ceus,shared_calibrated,bmode+swe,0,w_ceus,0.000875,0.0009568133365600903,0.0007122047888256942,0.0012943076729098433,0.5973657208510819,2.132712287230963,0.2800967221071718,0.08938443545407883,True
no_ceus,oracle,bmode+swe,0,sig_e,0.0005999999999999997,0.0005955587202330235,0.0005563217530045297,0.0006375630421244895,0.13630634242350478,3.688879454113936,0.03695060901800202,-0.007429664677529146,True
no_ceus,oracle,bmode+swe,0,R,0.005000000000000002,0.005020078556558952,0.004994577816791515,0.0050457094950644085,0.010185389865156588,1.7917594692280547,0.005684574319311269,0.004007669864019903,True
no_ceus,oracle,bmode+swe,0,x_c,0.012,0.011997142429435543,0.011974121387099147,0.01202016347177194,4.604208467279237e-05,0.006,0.007673680778798728,-2.8575705644569988e-06,True
no_ceus,oracle,bmode+swe,0,c_s,2.0,1.9985950225475302,1.9921462609523948,2.0050646593800545,0.006463728666028486,1.6094379124341003,0.004016140427717896,-0.0007027355870582452,True
no_ceus,oracle,bmode+swe,0,alpha0,40.0,39.57823234471095,36.32148136670251,43.12699858568943,0.171739878864162,4.382026634673881,0.03919188384324898,-0.01060017525235768,True
no_ceus,oracle,bmode+swe,0,w0,0.00035,0.00035,0.00035,0.00035,0.0,nan,0.0,0.0,True
no_ceus,oracle,bmode+swe,0,w_bmode,0.00035,0.00035,0.00035,0.00035,0.0,nan,0.0,0.0,True
no_ceus,oracle,bmode+swe,0,w_swe,0.0006325345840347388,0.0006325345840347388,0.0006325345840347388,0.0006325345840347388,0.0,nan,0.0,0.0,True
no_ceus,oracle,bmode+swe,0,w_ceus,0.000875,0.000875,0.000875,0.000875,0.0,nan,0.0,0.0,True
no_swe,independent,bmode+ceus,0,sig_e,0.0005999999999999997,0.0005988381020095874,0.00042179551458447386,0.000850191763588861,0.7009412942601605,3.688879454113936,0.190014692260668,-0.0019383740844807207,True
no_swe,independent,bmode+ceus,0,R,0.005000000000000002,0.0050200788912191105,0.004994578237571289,0.005045709742714584,0.010185354699182723,1.7917594692280547,0.005684554692807561,0.00400773652834463,True
no_swe,independent,bmode+ceus,0,x_c,0.012,0.011997142524529814,0.0119741215458289,0.012020163503230728,4.604195740182888e-05,0.006,0.0076736595669714795,-2.8574754701859995e-06,True
no_swe,independent,bmode+ceus,0,v,0.0010000000000000002,0.0009979017069743485,0.000996032903143638,0.000999774017142798,0.0037489782632386327,2.5902671654458267,0.0014473326586732119,-0.0021004975267953085,False
no_swe,independent,bmode+ceus,0,D,9.999999999999994e-08,9.932506625719308e-08,9.668603462094457e-08,1.02036129888594e-07,0.05385799276805462,4.605170185988094,0.011695114532775676,-0.006772217212965614,True
no_swe,independent,bmode+ceus,0,w_bmode,0.00035000000000000005,0.00034435010928929544,0.00012152811123450829,0.0009757166186738151,2.083026590329634,2.120263536200092,0.9824375860666861,-0.016274255114276492,True
no_swe,independent,bmode+ceus,0,w_swe,0.0006325345840347388,0.000794790586812379,0.0004338478996145996,0.0014560219778561043,1.2107693123672645,1.2107693123672645,1.0,0.22834376971780213,True
no_swe,independent,bmode+ceus,0,w_ceus,0.0008750000000000001,0.0008724140460868088,0.0008506911485255783,0.0008946916505816587,0.050429999425737476,2.120263536200091,0.02378477890353077,-0.0029597516475918795,True
no_swe,independent,bmode+ceus,0,w0,0.00035,0.0003449238721017473,0.0001226968719690366,0.0009821721869037992,2.0800497779958693,2.105293454258506,0.9880094263288689,-0.014609422375871749,True
no_swe,shared,bmode+ceus,0,sig_e,0.0005999999999999997,0.0005961652073334673,0.0005566619563755176,0.000638471787705928,0.13711933412166027,3.688879454113936,0.03717099889744057,-0.006411833049290827,True
no_swe,shared,bmode+ceus,0,R,0.005000000000000002,0.005020078621468261,0.004994577898488163,0.005045709543012828,0.010185383010899673,1.7917594692280547,0.005684570493877647,0.0040076827939588,True
no_swe,shared,bmode+ceus,0,x_c,0.012,0.011997142448543824,0.011974121418255856,0.012020163478831792,4.604206057593459e-05,0.006,0.007673676762655766,-2.857551456176069e-06,True
no_swe,shared,bmode+ceus,0,v,0.0010000000000000002,0.00099790168447353,0.0009960328813155759,0.0009997739939667754,0.0037489769969795642,2.5902671654458267,0.001447332169820523,-0.0021005200749266706,False
no_swe,shared,bmode+ceus,0,D,9.999999999999994e-08,9.932535017172428e-08,9.668633320091277e-08,1.0203639811466665e-07,0.053857533366047705,4.605170185988094,0.011695014774897388,-0.006769358779177281,True
no_swe,shared,bmode+ceus,0,w0,0.00035000000000000005,0.0003489642906629994,0.0003402752193503011,0.0003578752410782116,0.050429678211601874,2.120263536200092,0.023784627406261614,-0.0029635565331735947,True
no_swe,shared,bmode+ceus,0,w_bmode,0.00035,0.00034892867571957576,0.0003403797629245564,0.0003578332419788553,0.050005129287717054,2.0985221501533493,0.023828735514687293,-0.0030656207326143045,True
no_swe,shared,bmode+ceus,0,w_swe,0.0006325345840347388,0.0006313734177569353,0.0006221594897589828,0.0006410674480651489,0.029938200301524276,1.2015825568202168,0.02491564156919073,-0.0018374226650104137,True
no_swe,shared,bmode+ceus,0,w_ceus,0.000875,0.0008723216892989394,0.0008509494073113909,0.0008945831049471382,0.050005129287717054,2.0985221501533484,0.023828735514687303,-0.0030656207326143045,True
no_swe,shared_calibrated,bmode+ceus,0,sig_e,0.0005999999999999997,0.0005961881365069747,0.0005526423850507782,0.000643165098672264,0.1516903436885974,3.688879454113936,0.04112098147295876,-0.006373372682439538,True
no_swe,shared_calibrated,bmode+ceus,0,R,0.005000000000000002,0.005020078621515087,0.004994577898928701,0.005045709542661909,0.010185382853148323,1.7917594692280547,0.005684570405834942,0.00400768280328645,True
no_swe,shared_calibrated,bmode+ceus,0,x_c,0.012,0.011997142447504917,0.011974121417519374,0.01202016347749046,4.604205997108783e-05,0.006,0.007673676661847972,-2.8575524950828768e-06,True
no_swe,shared_calibrated,bmode+ceus,0,v,0.0010000000000000002,0.0009979016847251902,0.000996032881526336,0.0009997739942594884,0.0037489770781588033,2.5902671654458267,0.0014473322011606259,-0.00210051982273729,False
no_swe,shared_calibrated,bmode+ceus,0,D,9.999999999999994e-08,9.932534508200898e-08,9.668632488682554e-08,1.0203639643153341e-07,0.05385760286093822,4.605170185988094,0.011695029865521123,-0.0067694100220414555,True
no_swe,shared_calibrated,bmode+ceus,0,w0,0.00035000000000000005,0.00034892507435930017,0.0003163047186368869,0.00038490955190715584,0.19630232814343848,2.120263536200092,0.09258392873899482,-0.003075941979079566,True
no_swe,shared_calibrated,bmode+ceus,0,gamma_swe,1.0,1.0,0.9090909090909091,1.1,0.19062035960864981,0.19062035960864981,1.0,2.0816681711721685e-17,True
no_swe,shared_calibrated,bmode+ceus,0,gamma_ceus,1.0,1.0001124596317597,0.9095544935934329,1.0996866476455278,0.18982564027384038,0.19062035960864981,0.9958308790496408,0.00011245330864926245,True
no_swe,shared_calibrated,bmode+ceus,0,w_bmode,0.00035,0.0003488519208424333,0.0003167642688669972,0.0003852880965444136,0.19583349124970972,2.105293454258506,0.09301956972011922,-0.0032856179002919814,True
no_swe,shared_calibrated,bmode+ceus,0,w_swe,0.0006325345840347388,0.0006314458138728587,0.000584762453631264,0.0006885343820949555,0.16335955200766072,1.1988307480192235,0.13626573415602886,-0.0017227647405991522,True
no_swe,shared_calibrated,bmode+ceus,0,w_ceus,0.000875,0.0008722292673588948,0.0008508673438456215,0.0008945392882467208,0.05005259025422859,2.1095697609233612,0.023726444690940447,-0.00317157572324202,True
no_swe,oracle,bmode+ceus,0,sig_e,0.0005999999999999997,0.0005955587143604492,0.0005563217472008858,0.000637563036202131,0.1363063435666192,3.688879454113936,0.03695060932788323,-0.007429674538142805,True
no_swe,oracle,bmode+ceus,0,R,0.005000000000000002,0.005020078557251401,0.004994577817591215,0.00504570949564849,0.010185389820801723,1.7917594692280547,0.005684574294556347,0.004007670001955788,True
no_swe,oracle,bmode+ceus,0,x_c,0.012,0.011997142428928204,0.011974121386668111,0.012020163471188297,4.60420845201855e-05,0.006,0.00767368075336425,-2.8575710717959613e-06,True
no_swe,oracle,bmode+ceus,0,v,0.0010000000000000002,0.0009979191851507093,0.0009960563564302269,0.000999785497741175,0.0037369149692868756,2.5902671654458267,0.0014426754966195513,-0.0020829827523680677,False
no_swe,oracle,bmode+ceus,0,D,9.999999999999994e-08,9.910386962794862e-08,9.723910008706445e-08,1.0100440014808389e-07,0.03799118686488576,4.605170185988094,0.00824968140818759,-0.009001697705624423,True
no_swe,oracle,bmode+ceus,0,w0,0.00035,0.00035,0.00035,0.00035,0.0,nan,0.0,0.0,True
no_swe,oracle,bmode+ceus,0,w_bmode,0.00035,0.00035,0.00035,0.00035,0.0,nan,0.0,0.0,True
no_swe,oracle,bmode+ceus,0,w_swe,0.0006325345840347388,0.0006325345840347388,0.0006325345840347388,0.0006325345840347388,0.0,nan,0.0,0.0,True
no_swe,oracle,bmode+ceus,0,w_ceus,0.000875,0.000875,0.000875,0.000875,0.0,nan,0.0,0.0,True
wrong_ratio,independent,bmode+swe+ceus,0,sig_e,0.0005999999999999997,0.0005988388541917851,0.0004217974185670055,0.0008501900616368108,0.7009347784291805,3.688879454113936,0.19001292591642688,-0.0019371180158991308,True
wrong_ratio,independent,bmode+swe+ceus,0,R,0.005000000000000002,0.005020078888329245,0.004994578234327732,0.005045709740182107,0.010185354846690602,1.7917594692280547,0.005684554775133276,0.004007735952683333,True
wrong_ratio,independent,bmode+swe+ceus,0,x_c,0.012,0.011997142523619784,0.011974121544669536,0.012020163502570031,4.604195790049433e-05,0.006,0.007673659650082389,-2.8574763802167308e-06,True
wrong_ratio,independent,bmode+swe+ceus,0,c_s,2.0,1.998626819226304,1.992177565239002,2.005096951310879,0.006464119992044641,1.6094379124341003,0.004016383572242536,-0.0006868261979710022,True
wrong_ratio,independent,bmode+swe+ceus,0,alpha0,40.0,38.84089867385543,35.21039383242918,42.845740861985234,0.19626492530248257,4.382026634673881,0.04478861989324467,-0.029405673114630382,True
wrong_ratio,independent,bmode+swe+ceus,0,v,0.0010000000000000002,0.0009997982013423144,0.0009979714635620538,0.0010016282828764196,0.003657555365802635,2.5902671654458267,0.001412037883425477,-0.0002018190217745186,True
wrong_ratio,independent,bmode+swe+ceus,0,D,9.999999999999994e-08,9.735987717210517e-08,9.46831470565959e-08,1.0011227950948293e-07,0.05575632825249336,4.605170185988094,0.012107332845622116,-0.0267559988944015,True
wrong_ratio,independent,bmode+swe+ceus,0,w_bmode,0.00035000000000000005,0.00034434883563802835,0.0001215276180827085,0.0009757133602714576,2.08302730875934,2.120263536200092,0.9824379249065018,-0.01627795383133268,True
wrong_ratio,independent,bmode+swe+ceus,0,w_swe,0.0006325345840347388,0.0006814305835627012,0.0005778564934388635,0.0008035691308948333,0.32973766208450156,1.2107693123672645,0.27233731373634434,0.07445949021743203,True
wrong_ratio,independent,bmode+swe+ceus,0,w_ceus,0.0008750000000000001,0.0010241846095201616,0.0010034693655684307,0.0010453274911723584,0.04086686379922397,2.120263536200091,0.01927442655192997,0.15742818572739203,False
wrong_ratio,independent,bmode+swe+ceus,0,w0,0.00035,0.0003441278211056575,0.00012023661292611884,0.0009747271355426255,2.0926959950766966,2.11942557602302,0.9873882898985866,-0.01691999314464308,True
wrong_ratio,shared,bmode+swe+ceus,0,sig_e,0.0005999999999999997,0.0005563941775019948,0.0005142061575266789,0.000602043511589142,0.15770545135968447,3.688879454113936,0.04275158712052984,-0.07545265981184457,True
wrong_ratio,shared,bmode+swe+ceus,0,R,0.005000000000000002,0.005020073826401182,0.004994571827867332,0.0050457060366832325,0.010185903540526368,1.7917594692280547,0.00568486100699374,0.004006727615816885,True
wrong_ratio,shared,bmode+swe+ceus,0,x_c,0.012,0.011997141086465228,0.011974119140332997,0.01202016303259746,4.604389226446243e-05,0.006,0.007673982044077071,-2.8589135347718148e-06,True
wrong_ratio,shared,bmode+swe+ceus,0,c_s,2.0,1.9986418761450913,1.9921937406281147,2.005110882348888,0.0064629483620480726,1.6094379124341003,0.00401565559759529,-0.0006792925944356654,True
wrong_ratio,shared,bmode+swe+ceus,0,alpha0,40.0,38.56242401061926,35.30629346284113,42.11885190213676,0.17643419599556875,4.382026634673881,0.0402631500683928,-0.03660112300147356,True
wrong_ratio,shared,bmode+swe+ceus,0,v,0.0010000000000000002,0.000999795156789071,0.0009979685349739396,0.0010016251219433347,0.0036573341115061064,2.5902671654458267,0.001411952465867211,-0.00020486419416521073,True
wrong_ratio,shared,bmode+swe+ceus,0,D,9.999999999999994e-08,9.739703009651374e-08,9.472521535560175e-08,1.0014420591190792e-07,0.0556309759541571,4.605170185988094,0.012080112939891452,-0.026374467626727238,True
wrong_ratio,shared,bmode+swe+ceus,0,w0,0.00035000000000000005,0.0004095151080468054,0.00040125770566742073,0.000417942437864572,0.04073983616871966,2.120263536200092,0.0192145153058346,0.15704064201629464,False
wrong_ratio,shared,bmode+swe+ceus,0,w_bmode,0.00035,0.00040948114403215475,0.0004011247464853291,0.00041786199792250565,0.040878762082317444,2.1242152100674785,0.01924417163034007,0.15695770142997612,False
wrong_ratio,shared,bmode+swe+ceus,0,w_swe,0.0006325345840347388,0.0006990297721436506,0.0006894679702467414,0.000708683958223465,0.0274894275032187,1.2142957006831088,0.022638165883115926,0.09995843638429983,False
wrong_ratio,shared,bmode+swe+ceus,0,w_ceus,0.000875,0.0010237028600803872,0.0010028118662133228,0.0010446549948062642,0.040878762082317444,2.1242152100674794,0.019244171630340062,0.15695770142997628,False
wrong_ratio,shared_calibrated,bmode+swe+ceus,0,sig_e,0.0005999999999999997,0.0005586098492981774,0.0005099004190712588,0.0006119723617825151,0.1824716710761997,3.688879454113936,0.049465338552253976,-0.07147836974777189,True
wrong_ratio,shared_calibrated,bmode+swe+ceus,0,R,0.005000000000000002,0.005020074107537444,0.004994572189539208,0.005045706236452031,0.01018587071938106,1.7917594692280547,0.005684842689163768,0.004006783618231147,True
wrong_ratio,shared_calibrated,bmode+swe+ceus,0,x_c,0.012,0.011997141153745998,0.011974119265529794,0.012020163041962201,4.604377643240638e-05,0.006,0.007673962738734397,-2.8588462540023174e-06,True
wrong_ratio,shared_calibrated,bmode+swe+ceus,0,c_s,2.0,1.9986362722752882,1.9921878522639445,2.0051055648768323,0.006463252122435634,1.6094379124341003,0.004015844334535817,-0.0006820964372482585,True
wrong_ratio,shared_calibrated,bmode+swe+ceus,0,alpha0,40.0,38.66256406911359,35.31106004226386,42.332171807053996,0.18135112927439373,4.382026634673881,0.04138521839173856,-0.034007658965716114,True
wrong_ratio,shared_calibrated,bmode+swe+ceus,0,v,0.0010000000000000002,0.0009997959585871356,0.0009979693057681062,0.0010016259548562112,0.003657393309751149,2.5902671654458267,0.0014119753199750159,-0.00020406223214575192,True
wrong_ratio,shared_calibrated,bmode+swe+ceus,0,D,9.999999999999994e-08,9.738724661138107e-08,9.471408418597691e-08,1.0013585502155092e-07,0.0556651008307937,4.605170185988094,0.012087523062700905,-0.026474922194275052,True
wrong_ratio,shared_calibrated,bmode+swe+ceus,0,w0,0.00035000000000000005,0.00040648071716292933,0.0003710503706873286,0.0004452941877385163,0.18239733634190025,2.120263536200092,0.08602578558172554,0.14960333712571483,False
wrong_ratio,shared_calibrated,bmode+swe+ceus,0,gamma_swe,1.0,0.9939472560593564,0.9085911904563934,1.0873219531565974,0.17957777077910644,0.19062035960864981,0.9420702549705908,-0.00607113604794826,True
wrong_ratio,shared_calibrated,bmode+swe+ceus,0,gamma_ceus,1.0,1.0075678643792594,0.9213549024907601,1.1018479400124128,0.17889868796926034,0.19062035960864981,0.9385077666233845,0.007539371755542044,True
wrong_ratio,shared_calibrated,bmode+swe+ceus,0,w_bmode,0.00035,0.0004062713468138422,0.00037081729737858775,0.0004450118398868547,0.1823914068863619,2.11942557602302,0.0860570000427233,0.14908812378329894,False
wrong_ratio,shared_calibrated,bmode+swe+ceus,0,w_swe,0.0006325345840347388,0.000692667221634056,0.0006416768209638267,0.0007530083815973479,0.1599915758700643,1.2011934103870985,0.13319385078753068,0.0908147867722022,False
wrong_ratio,shared_calibrated,bmode+swe+ceus,0,w_ceus,0.000875,0.0010236285273094886,0.0010031962033474648,0.0010449306103876162,0.04075937532178653,2.1232923880306878,0.019196308314179025,0.15688508712689955,False
wrong_ratio,oracle,bmode+swe+ceus,0,sig_e,0.0005999999999999997,0.000595558694731763,0.0005563217277682808,0.0006375630164463699,0.13630634751076953,3.688879454113936,0.03695061039708334,-0.007429707496583227,True
wrong_ratio,oracle,bmode+swe+ceus,0,R,0.005000000000000002,0.005020078563847279,0.0049945778245228546,0.005045709501904996,0.01018538967293357,1.7917594692280547,0.005684574212029559,0.004007671315854999,True
wrong_ratio,oracle,bmode+swe+ceus,0,x_c,0.012,0.011997142433613214,0.011974121391586235,0.012020163475640193,4.604208405395874e-05,0.006,0.007673680675659789,-2.8575663867866363e-06,True
wrong_ratio,oracle,bmode+swe+ceus,0,c_s,2.0,1.998595023013932,1.992146261407636,2.0050646598576845,0.006463728675722307,1.6094379124341003,0.004016140433741006,-0.0007027353536933623,True
wrong_ratio,oracle,bmode+swe+ceus,0,alpha0,40.0,39.57823249151017,36.321481509441114,43.12699873612986,0.1717398784226076,4.382026634673881,0.0391918837424841,-0.010600171543267756,True
wrong_ratio,oracle,bmode+swe+ceus,0,v,0.0010000000000000002,0.0009996587771015281,0.0009978415261008811,0.0010014793376469404,0.003639051266413869,2.5902671654458267,0.0014048941803991594,-0.0003412811282519357,True
wrong_ratio,oracle,bmode+swe+ceus,0,D,9.999999999999994e-08,9.903887535153223e-08,9.717424259985675e-08,1.0093928770082123e-07,0.03801354170733752,4.605170185988094,0.008254535700547896,-0.00965773261373215,True
wrong_ratio,oracle,bmode+swe+ceus,0,w0,0.00035,0.00035,0.00035,0.00035,0.0,nan,0.0,0.0,True
wrong_ratio,oracle,bmode+swe+ceus,0,w_bmode,0.00035,0.00035,0.00035,0.00035,0.0,nan,0.0,0.0,True
wrong_ratio,oracle,bmode+swe+ceus,0,w_swe,0.0006325345840347388,0.0006325345840347388,0.0006325345840347388,0.0006325345840347388,0.0,nan,0.0,0.0,True
wrong_ratio,oracle,bmode+swe+ceus,0,w_ceus,0.00100625,0.00100625,0.00100625,0.00100625,0.0,nan,0.0,0.0,True
calibrated_scale,independent,bmode+swe+ceus,0,sig_e,0.0005999999999999997,0.0005988890177892719,0.0004216103831751439,0.0008507097309308966,0.7019893537018566,3.688879454113936,0.19029880548657654,-0.001853353416795045,True
calibrated_scale,independent,bmode+swe+ceus,0,R,0.005000000000000002,0.005020522714588703,0.0049192881922809776,0.00512384055222708,0.04074042204604847,1.7917594692280547,0.022737662474082362,0.004096142260850755,True
calibrated_scale,independent,bmode+swe+ceus,0,x_c,0.012,0.011998203146872865,0.01176044918694589,0.01223595710679984,0.0004755079198539506,0.006,0.07925131997565843,-1.796853127134998e-06,True
calibrated_scale,independent,bmode+swe+ceus,0,c_s,2.0,1.9988035170844738,1.959250690024064,2.039154826001461,0.03997332189145175,1.6094379124341003,0.024836821341555473,-0.0005984204755847822,True
calibrated_scale,independent,bmode+swe+ceus,0,alpha0,40.0,38.84089886825578,35.21039402793929,42.845741052968435,0.196264924207319,4.382026634673881,0.04478861964332296,-0.02940566810958778,True
calibrated_scale,independent,bmode+swe+ceus,0,v,0.0010000000000000002,0.0009997686050535312,0.0009801560115675883,0.0010197736399658445,0.03962420557646692,2.5902671654458267,0.015297343110028942,-0.00023142172241019665,True
calibrated_scale,independent,bmode+swe+ceus,0,D,9.999999999999994e-08,9.742264983678281e-08,9.285780234498235e-08,1.0221190316306532e-07,0.09597882430762114,4.605170185988094,0.020841536888180766,-0.026111457848397635,True
calibrated_scale,independent,bmode+swe+ceus,0,w_bmode,0.00035000000000000005,0.0003443535260669006,0.00012152918269244525,0.0009757273791168089,2.083028802009812,2.120263536200092,0.9824386291823839,-0.016264332769076795,True
calibrated_scale,independent,bmode+swe+ceus,0,w_swe,0.0006325345840347388,0.000681430574420139,0.0005778564838020754,0.000803569122733261,0.32973766860463305,1.2107693123672645,0.2723373191214589,0.07445947680071363,True
calibrated_scale,independent,bmode+swe+ceus,0,w_ceus,0.0008750000000000001,0.0008940541602526281,0.0008725947967645297,0.000916041265005082,0.04859011503013725,2.120263536200091,0.02291701677670684,0.021542468918950952,True
calibrated_scale,independent,bmode+swe+ceus,0,w0,0.00035,0.00034618288995598174,0.0001216204787213923,0.000962974628148575,2.069121698882146,2.1331841876241446,0.9699686088460326,-0.010965935389074748,True
calibrated_scale,shared,bmode+swe+ceus,0,sig_e,0.0005999999999999997,0.0005909705820766382,0.0005496316021469189,0.0006354187559736523,0.145036000249507,3.688879454113936,0.039317088577605595,-0.015163415569010574,True
calibrated_scale,shared,bmode+swe+ceus,0,R,0.005000000000000002,0.005020530175354532,0.004919295596765461,0.005123848068454902,0.040740383764723234,1.7917594692280547,0.022737641108867952,0.004097628313341595,True
calibrated_scale,shared,bmode+swe+ceus,0,x_c,0.012,0.011998222737234464,0.011760468841564654,0.012235976632904273,0.0004755077913396192,0.006,0.0792512985566032,-1.7772627655364415e-06,True
calibrated_scale,shared,bmode+swe+ceus,0,c_s,2.0,1.998779547873913,1.9592273539826812,2.039130207567712,0.0399731597250624,1.6094379124341003,0.02483672058191256,-0.0006104123267466344,True
calibrated_scale,shared,bmode+swe+ceus,0,alpha0,40.0,39.453901499859185,36.1950773155322,43.006133955476066,0.17241963182130607,4.382026634673881,0.03934700680662062,-0.013746514377238395,True
calibrated_scale,shared,bmode+swe+ceus,0,v,0.0010000000000000002,0.000999773387974063,0.0009801607288741924,0.0010197784892373835,0.03962414800782827,2.5902671654458267,0.015297320885047901,-0.0002266377063220304,True
calibrated_scale,shared,bmode+swe+ceus,0,D,9.999999999999994e-08,9.738565404554008e-08,9.282422647696305e-08,1.0217123238006545e-07,0.09594248768887928,4.605170185988094,0.02083364649167546,-0.026491275247863655,True
calibrated_scale,shared,bmode+swe+ceus,0,w0,0.00035000000000000005,0.0003577928397183007,0.00034923517499526344,0.0003665602016046117,0.04841721957630609,2.120263536200092,0.02283547245408879,0.02202100442417798,True
calibrated_scale,shared,bmode+swe+ceus,0,w_bmode,0.00035,0.0003577950831163386,0.0003491779618718857,0.00036663522914210804,0.04878571609784732,2.1138261651691748,0.023079341575821054,0.022027274507745272,True
calibrated_scale,shared,bmode+swe+ceus,0,w_swe,0.0006325345840347388,0.0006410257016254244,0.0006316434818406133,0.0006507425964593002,0.0297890429098846,1.2102358442350623,0.02461424610069533,0.013334654833685776,True
calibrated_scale,shared,bmode+swe+ceus,0,w_ceus,0.000875,0.0008944877077908466,0.0008729449046797141,0.00091658807285527,0.04878571609784732,2.1138261651691757,0.023079341575821047,0.022027274507745272,True
calibrated_scale,shared_calibrated,bmode+swe+ceus,0,sig_e,0.0005999999999999997,0.0005896685976435535,0.0005442067273034455,0.000638928255756447,0.1604629841680476,3.688879454113936,0.04349911298649107,-0.017368975037542533,True
calibrated_scale,shared_calibrated,bmode+swe+ceus,0,R,0.005000000000000002,0.005020530467705553,0.004919295869414585,0.0051238483812032455,0.04074038937808411,1.7917594692280547,0.022737644241744306,0.004097686544445089,True
calibrated_scale,shared_calibrated,bmode+swe+ceus,0,x_c,0.012,0.011998223731350831,0.011760469809008354,0.012235977653693308,0.0004755078446849529,0.006,0.07925130744749215,-1.776268649169091e-06,True
calibrated_scale,shared_calibrated,bmode+swe+ceus,0,c_s,2.0,1.9987825140619064,1.959230244161248,2.039133251656169,0.039973177399338054,1.6094379124341003,0.024836731563557465,-0.0006089283282758595,True
calibrated_scale,shared_calibrated,bmode+swe+ceus,0,alpha0,40.0,39.38148668380828,36.05530125461418,43.01452045775079,0.17648383800244488,4.382026634673881,0.04027447861817461,-0.015583629360393036,True
calibrated_scale,shared_calibrated,bmode+swe+ceus,0,v,0.0010000000000000002,0.0009997730361442426,0.0009801603844885349,0.0010197781298033769,0.03962414690131442,2.5902671654458267,0.01529732045786654,-0.00022698961595146727,True
calibrated_scale,shared_calibrated,bmode+swe+ceus,0,D,9.999999999999994e-08,9.739089444185817e-08,9.282900138324549e-08,1.0217697248542292e-07,0.09594722835990725,4.605170185988094,0.020834675915309443,-0.026437465932932724,True
calibrated_scale,shared_calibrated,bmode+swe+ceus,0,w0,0.00035000000000000005,0.0003599378768468549,0.0003277593592608973,0.0003952755932925026,0.18730354782303069,2.120263536200092,0.08833974863271647,0.027998297761469892,True
calibrated_scale,shared_calibrated,bmode+swe+ceus,0,gamma_swe,1.0,1.0064444192070274,0.9185511515218918,1.1027479169501966,0.18276285663980313,0.19062035960864981,0.958779308857782,0.00642374272198507,True
calibrated_scale,shared_calibrated,bmode+swe+ceus,0,gamma_ceus,1.0,0.9939739673200421,0.9074834735074067,1.0887077027324843,0.1820713230653647,0.19062035960864981,0.9551515034341735,-0.006044262487393519,True
calibrated_scale,shared_calibrated,bmode+swe+ceus,0,w_bmode,0.00035,0.0003597093226057079,0.0003273540103289074,0.0003951524502310006,0.1882294546912373,2.1331841876241446,0.08823872583683444,0.02736311360733102,True
calibrated_scale,shared_calibrated,bmode+swe+ceus,0,w_swe,0.0006325345840347388,0.0006458224187922601,0.0005998706363632501,0.0007007478796378397,0.1554341382849298,1.2144174343387002,0.1279907006354615,0.02078967505935864,True
calibrated_scale,shared_calibrated,bmode+swe+ceus,0,w_ceus,0.000875,0.0008942013525541695,0.0008730094960501938,0.0009164025451712021,0.048509294661770674,2.1333764261410773,0.022738272565201216,0.021707090026862656,True
calibrated_scale,oracle,bmode+swe+ceus,0,sig_e,0.0005999999999999997,0.0005956103007988492,0.0005548202137996096,0.0006393992532972584,0.14188494664016835,3.688879454113936,0.03846288511323798,-0.007343059729033818,True
calibrated_scale,oracle,bmode+swe+ceus,0,R,0.005000000000000002,0.005020513909392832,0.004919279701570413,0.005123831423198067,0.04074036637281449,1.7917594692280547,0.022737631402258863,0.004094388418852013,True
calibrated_scale,oracle,bmode+swe+ceus,0,x_c,0.012,0.011998182807171845,0.011760429712779512,0.012235935901564177,0.00047550618878466525,0.006,0.07925103146411087,-1.8171928281556643e-06,True
calibrated_scale,oracle,bmode+swe+ceus,0,c_s,2.0,1.9987683458735457,1.9592163525312392,2.0391188014047414,0.0399731812828519,1.6094379124341003,0.024836733976520288,-0.0006160167625983703,True
calibrated_scale,oracle,bmode+swe+ceus,0,alpha0,40.0,39.57823235709053,36.321481378344416,43.12699859884536,0.1717398788486892,4.382026634673881,0.03919188383971801,-0.010600174939570106,True
calibrated_scale,oracle,bmode+swe+ceus,0,v,0.0010000000000000002,0.0009996252264075666,0.0009800163511548454,0.001019626450204497,0.03962235753443878,2.5902671654458267,0.015296629653883266,-0.0003748438376076635,True
calibrated_scale,oracle,bmode+swe+ceus,0,D,9.999999999999994e-08,9.908343107976531e-08,9.484158449293736e-08,1.0351499679204211e-07,0.08750853068161178,4.605170185988094,0.01900223599724269,-0.009207952578492495,True
calibrated_scale,oracle,bmode+swe+ceus,0,w0,0.00035,0.00035,0.00035,0.00035,0.0,nan,0.0,0.0,True
calibrated_scale,oracle,bmode+swe+ceus,0,w_bmode,0.00035,0.00035,0.00035,0.00035,0.0,nan,0.0,0.0,True
calibrated_scale,oracle,bmode+swe+ceus,0,w_swe,0.0006325345840347388,0.0006325345840347388,0.0006325345840347388,0.0006325345840347388,0.0,nan,0.0,0.0,True
calibrated_scale,oracle,bmode+swe+ceus,0,w_ceus,0.000875,0.000875,0.000875,0.000875,0.0,nan,0.0,0.0,True
