scenario,configuration,quantity,n_replicates,truth,contraction_median,contraction_min,contraction_max,coverage,absolute_bias_log_median,rank_min,n_par,least_fisher_eigenvalue_median,least_informed_contraction_median
L8_01,E2_ceus,D,5,3.0000000000000015e-07,0.006971087891215583,0.006945180493109323,0.00699044265462069,1.0,0.006937077180214857,6,9,0.0,1.0
L8_01,E2_ceus,S_v,5,4.800000000000004e-06,1.0,1.0,1.0,1.0,1.5386881312972491,6,9,0.0,1.0
L8_01,E2_ceus,k,5,7.000000000000004e-14,1.0,1.0,1.0,1.0,1.5079674904357532,6,9,0.0,1.0
L8_01,E2_ceus,phi,5,0.011999999999999999,0.8382518496666747,0.838251763138894,0.838251881092602,1.0,0.4387730164246286,6,9,0.0,1.0
L8_01,E2_ceus,vmag,5,0.0004000000000000001,0.002079520964048933,0.0020732356865384356,0.0020837094796294624,1.0,0.003016475123297724,6,9,0.0,1.0
L8_01,E2_ceus_Acal,D,5,3.0000000000000015e-07,0.006970897810416469,0.0069449956444638,0.0069902473698917516,1.0,0.006891351209633356,6,9,0.0,1.0
L8_01,E2_ceus_Acal,S_v,5,4.800000000000004e-06,1.0,1.0,1.0,1.0,1.5386881312972491,6,9,0.0,1.0
L8_01,E2_ceus_Acal,k,5,7.000000000000004e-14,1.0,1.0,1.0,1.0,1.5079674904357532,6,9,0.0,1.0
L8_01,E2_ceus_Acal,phi,5,0.011999999999999999,0.06431178331189469,0.06429902990164749,0.06431634048517215,1.0,0.0073784872867559415,6,9,0.0,1.0
L8_01,E2_ceus_Acal,vmag,5,0.0004000000000000001,0.0020795157720663923,0.0020732302161600475,0.0020837045482939376,1.0,0.0030207876410273116,6,9,0.0,1.0
L8_01,E3_joint_independent,D,5,3.0000000000000015e-07,0.006935072817708758,0.006925254928514858,0.006988015963495044,0.8,0.008945573868988532,11,13,0.0,1.0
L8_01,E3_joint_independent,S_v,5,4.800000000000004e-06,1.0,1.0,1.0,1.0,1.5386881312972491,11,13,0.0,1.0
L8_01,E3_joint_independent,eta_s,5,0.5,0.0042221389495623,0.003761355343363052,0.004457978307345169,0.8,0.003446861874753071,11,13,0.0,1.0
L8_01,E3_joint_independent,k,5,7.000000000000004e-14,0.9982190598817576,0.9977482008448173,0.9986286062688752,1.0,1.415734817267925,11,13,0.0,1.0
L8_01,E3_joint_independent,mu,5,1999.9999999999998,0.001317048135157187,0.0013147658729669419,0.0013200271798486307,0.6,0.0007203854622277461,11,13,0.0,1.0
L8_01,E3_joint_independent,phi,5,0.011999999999999999,0.06429863456648516,0.06429414339919462,0.06431584892312793,1.0,0.012616022514640335,11,13,0.0,1.0
L8_01,E3_joint_independent,vmag,5,0.0004000000000000001,0.002069808933639086,0.002063853136558782,0.002084006583729378,1.0,0.0009725146673993379,11,13,0.0,1.0
L8_01,E4_joint_constitutive_Cvcal,C_v,5,0.0004000000000000001,1.0,1.0,1.0,1.0,0.0,11,13,0.0,1.0
L8_01,E4_joint_constitutive_Cvcal,D,5,3.0000000000000015e-07,0.006935072814372288,0.006925254930959786,0.006988015960828707,0.8,0.008945573619621783,11,13,0.0,1.0
L8_01,E4_joint_constitutive_Cvcal,S_v,5,4.800000000000001e-06,0.26856125781177803,0.2685602559870218,0.2685650983563407,1.0,0.012616103647525634,11,13,0.0,1.0
L8_01,E4_joint_constitutive_Cvcal,eta_s,5,0.5,0.0042221401471688085,0.003761353481895417,0.004457977885801352,0.8,0.0034468707936998744,11,13,0.0,1.0
L8_01,E4_joint_constitutive_Cvcal,k,5,7.000000000000004e-14,0.9982190320025781,0.9977481996183581,0.998628635825477,1.0,1.4157429810979174,11,13,0.0,1.0
L8_01,E4_joint_constitutive_Cvcal,mu,5,1999.9999999999998,0.0013170481331957588,0.0013147659064781634,0.0013200271412310504,0.6,0.0007203853225608015,11,13,0.0,1.0
L8_01,E4_joint_constitutive_Cvcal,phi,5,0.011999999999999999,0.06429863456638758,0.0642941434005342,0.06431584892152827,1.0,0.012616103647526522,11,13,0.0,1.0
L8_01,E4_joint_constitutive_Cvcal,vmag,5,0.0004000000000000001,0.0020698089333810277,0.0020638531366144967,0.002084006583606655,1.0,0.0009725150136761229,11,13,0.0,1.0
L8_01,E5_joint_network,C_v,5,0.0004000000000000001,1.0,1.0,1.0,1.0,0.9162907318741551,11,13,0.0,1.0
L8_01,E5_joint_network,D,5,3.0000000000000015e-07,0.006934763684480525,0.006924951159172847,0.006987685504445824,0.8,0.00909847074466441,11,13,0.0,1.0
L8_01,E5_joint_network,S_v,5,4.800000000000001e-06,0.8389775021121909,0.8389774001941673,0.8389778917087012,1.0,0.9247133282881101,11,13,0.0,1.0
L8_01,E5_joint_network,eta_s,5,0.5,0.00419551561890137,0.003719764602654167,0.0044362216238965045,0.8,0.003199798717396729,11,13,0.0,1.0
L8_01,E5_joint_network,k,5,7.000000000000004e-14,0.4859368291953653,0.4859319333892842,0.4859378018813717,1.0,0.13961790924686923,11,13,0.0,1.0
L8_01,E5_joint_network,mu,5,1999.9999999999998,0.0013151203594407657,0.001312880652425591,0.0013184073307551817,0.6,0.0007373634797094297,11,13,0.0,1.0
L8_01,E5_joint_network,phi,5,0.011999999999999999,0.06422213462207055,0.06421765672850327,0.06423924915115573,1.0,0.014666451690656501,11,13,0.0,1.0
L8_01,E5_joint_network,vmag,5,0.0004000000000000001,0.0020697887252747217,0.0020638351949232767,0.002083984470383245,1.0,0.00099331150025872,11,13,0.0,1.0
L8_01,E8_relax_constitutive_Cvcal,C_v,5,0.0004000000000000001,0.9578613463181714,0.9578547203400016,0.9578619817117983,1.0,0.004331818032891732,14,16,5.6550421004313695e-12,0.9999999999971725
L8_01,E8_relax_constitutive_Cvcal,D,5,3.0000000000000015e-07,0.00693471905645359,0.006924902071368642,0.006987653959154183,0.8,0.008953891905123967,14,16,5.6550421004313695e-12,0.9999999999971725
L8_01,E8_relax_constitutive_Cvcal,S_v,5,4.800000000000001e-06,0.2565909228487209,0.25658954113964705,0.2565925004330689,1.0,0.014924480505928983,14,16,5.6550421004313695e-12,0.9999999999971725
L8_01,E8_relax_constitutive_Cvcal,eta_s,5,0.5,0.004195159022255589,0.003719120549891676,0.004435751785522136,0.8,0.003191978979158905,14,16,5.6550421004313695e-12,0.9999999999971725
L8_01,E8_relax_constitutive_Cvcal,k,5,7.000000000000004e-14,0.12857247280408707,0.1285496685864424,0.12857926577439127,1.0,0.025521626565804922,14,16,5.6550421004313695e-12,0.9999999999971725
L8_01,E8_relax_constitutive_Cvcal,mu,5,1999.9999999999998,0.0013150915089283743,0.0013128534892200186,0.0013183748357889716,0.6,0.0007378922731744453,14,16,5.6550421004313695e-12,0.9999999999971725
L8_01,E8_relax_constitutive_Cvcal,phi,5,0.011999999999999999,0.06414879599140542,0.06414435484510647,0.0641658862165148,1.0,0.012997630524304249,14,16,5.6550421004313695e-12,0.9999999999971725
L8_01,E8_relax_constitutive_Cvcal,vmag,5,0.0004000000000000001,0.002069797669988995,0.002063842683207451,0.0020839945400595275,1.0,0.0009729047042146277,14,16,5.6550421004313695e-12,0.9999999999971725
L8_01,E8_relax_constitutive_Cvcal_norm,C_v,5,0.0004000000000000001,0.9803604404138978,0.9803590168148283,0.9803605890634762,1.0,0.02234070337575389,12,16,0.0,1.0
L8_01,E8_relax_constitutive_Cvcal_norm,D,5,3.0000000000000015e-07,0.009468263365840404,0.009438010311619977,0.00949718182172732,1.0,0.010402134392066387,12,16,0.0,1.0
L8_01,E8_relax_constitutive_Cvcal_norm,S_v,5,4.800000000000001e-06,0.6559923042063773,0.6559611828585137,0.6559955410237274,1.0,0.29520678545862467,12,16,0.0,1.0
L8_01,E8_relax_constitutive_Cvcal_norm,eta_s,5,0.5,0.004195044736526823,0.003719327727880662,0.004435971503768885,0.8,0.0032197503583779596,12,16,0.0,1.0
L8_01,E8_relax_constitutive_Cvcal_norm,k,5,7.000000000000004e-14,0.2970825909674655,0.2970799241931098,0.2970955307079259,1.0,0.2930364958859393,12,16,0.0,1.0
L8_01,E8_relax_constitutive_Cvcal_norm,mu,5,1999.9999999999998,0.0013151060096924826,0.0013128678952114392,0.0013183888608671959,0.6,0.0007360314829405468,12,16,0.0,1.0
L8_01,E8_relax_constitutive_Cvcal_norm,phi,5,0.011999999999999999,0.6849958464913453,0.6849680805144739,0.684998733496195,1.0,0.31754748883438033,12,16,0.0,1.0
L8_01,E8_relax_constitutive_Cvcal_norm,vmag,5,0.0004000000000000001,0.0019771293362350725,0.0019655446897240887,0.0019815594657087766,0.8,0.0026409274594909604,12,16,0.0,1.0
L8_01,E8_relax_independent_matched,D,5,3.0000000000000015e-07,0.006935072798953307,0.006925254972546718,0.006988015983115646,0.8,0.008945621869964171,14,16,1.0630102773591324e-11,0.9999999999946849
L8_01,E8_relax_independent_matched,S_v,5,4.800000000000004e-06,0.6559970982560087,0.65596524424962,0.6560005647630455,1.0,0.027737761075444567,14,16,1.0630102773591324e-11,0.9999999999946849
L8_01,E8_relax_independent_matched,eta_s,5,0.5,0.004195258013579986,0.0037191833069846816,0.00443585687762863,0.8,0.003194705807643805,14,16,1.0630102773591324e-11,0.9999999999946849
L8_01,E8_relax_independent_matched,k,5,7.000000000000004e-14,0.2970846904773019,0.2970825447927114,0.2970972107469167,1.0,0.029210590495452493,14,16,1.0630102773591324e-11,0.9999999999946849
L8_01,E8_relax_independent_matched,mu,5,1999.9999999999998,0.001315099261540969,0.001312861370516971,0.0013183821816838389,0.6,0.0007377086667208488,14,16,1.0630102773591324e-11,0.9999999999946849
L8_01,E8_relax_independent_matched,phi,5,0.011999999999999999,0.06429863465907082,0.0642941435585226,0.06431584902350534,1.0,0.01261690997537368,14,16,1.0630102773591324e-11,0.9999999999946849
L8_01,E8_relax_independent_matched,vmag,5,0.0004000000000000001,0.002069808932741126,0.00206385313893532,0.0020840065840956445,1.0,0.0009725195731489222,14,16,1.0630102773591324e-11,0.9999999999946849
L8_02,E2_ceus,D,5,2.9999999999999997e-06,0.022031896487365848,0.021782484259117142,0.022266483918941166,0.8,0.021121019663160823,6,9,0.0,1.0
L8_02,E2_ceus,S_v,5,2.9999999999999977e-05,1.0,1.0,1.0,1.0,0.2938933324510593,6,9,0.0,1.0
L8_02,E2_ceus,k,5,1.9999999999999983e-12,1.0,1.0,1.0,1.0,1.8444397270569688,6,9,0.0,1.0
L8_02,E2_ceus,phi,5,0.011999999999999999,0.8382994668928087,0.8382991825126723,0.8383035559478156,1.0,0.4345887364727292,6,9,0.0,1.0
L8_02,E2_ceus,vmag,5,0.002999999999999999,0.006096574022066312,0.006028704132631445,0.0061542811262080875,1.0,0.004482352577706905,6,9,0.0,1.0
L8_02,E2_ceus_Acal,D,5,2.9999999999999997e-06,0.022025610824572953,0.021775999614391174,0.022258839773109038,0.8,0.020657333485280205,6,9,0.0,1.0
L8_02,E2_ceus_Acal,S_v,5,2.9999999999999977e-05,1.0,1.0,1.0,1.0,0.2938933324510593,6,9,0.0,1.0
L8_02,E2_ceus_Acal,k,5,1.9999999999999983e-12,1.0,1.0,1.0,1.0,1.8444397270569688,6,9,0.0,1.0
L8_02,E2_ceus_Acal,phi,5,0.011999999999999999,0.0709316716480609,0.07089404870567015,0.07147073386828574,1.0,0.02150454528298429,6,9,0.0,1.0
L8_02,E2_ceus_Acal,vmag,5,0.002999999999999999,0.006096174494557556,0.00602809546071743,0.006153502878094279,1.0,0.004432012186699197,6,9,0.0,1.0
L8_02,E3_joint_independent,D,5,2.9999999999999997e-06,0.0221212697860838,0.022030000835588967,0.02233064608510223,1.0,0.02058243805036497,12,13,0.0,1.0
L8_02,E3_joint_independent,S_v,5,2.9999999999999977e-05,1.0,1.0,1.0,1.0,0.2938933324510593,12,13,0.0,1.0
L8_02,E3_joint_independent,eta_s,5,0.5,0.004249785960035916,0.0037757991494114934,0.004464251204794725,0.8,0.0011473164768170951,12,13,0.0,1.0
L8_02,E3_joint_independent,k,5,1.9999999999999983e-12,0.9981671144871106,0.9976421281556411,0.9985920167353264,1.0,1.9158596207013936,12,13,0.0,1.0
L8_02,E3_joint_independent,mu,5,1999.9999999999998,0.0013190113761873247,0.001316682470519884,0.0013219111679793193,0.6,0.0009045878720712608,12,13,0.0,1.0
L8_02,E3_joint_independent,phi,5,0.011999999999999999,0.07103675159113668,0.07097089212279158,0.07136224557260791,1.0,0.016642341267633753,12,13,0.0,1.0
L8_02,E3_joint_independent,vmag,5,0.002999999999999999,0.006163342311618261,0.006082662620322476,0.006202101826409699,1.0,0.010811964248819805,12,13,0.0,1.0
L8_02,E4_joint_constitutive_Cvcal,C_v,5,0.0025000000000000005,1.0,1.0,1.0,1.0,0.0,12,13,0.0,1.0
L8_02,E4_joint_constitutive_Cvcal,D,5,2.9999999999999997e-06,0.022121269783606717,0.022030000835457055,0.02233064608510223,1.0,0.020582444337341244,12,13,0.0,1.0
L8_02,E4_joint_constitutive_Cvcal,S_v,5,3e-05,0.2701384760441038,0.27012234679367225,0.2702183964867536,1.0,0.016642440213631815,12,13,0.0,1.0
L8_02,E4_joint_constitutive_Cvcal,eta_s,5,0.5,0.004249785448547419,0.0037757991494114934,0.004464249094724374,0.8,0.001147313238255121,12,13,0.0,1.0
L8_02,E4_joint_constitutive_Cvcal,k,5,1.9999999999999983e-12,0.9981671753848033,0.9976421281556411,0.9985921347797099,1.0,1.915876463146482,12,13,0.0,1.0
L8_02,E4_joint_constitutive_Cvcal,mu,5,1999.9999999999998,0.0013190113761873247,0.0013166823997587235,0.0013219110145627352,0.6,0.0009045883128706578,12,13,0.0,1.0
L8_02,E4_joint_constitutive_Cvcal,phi,5,0.011999999999999999,0.07103675156784048,0.07097089223854808,0.07136224557260791,1.0,0.016642440213632703,12,13,0.0,1.0
L8_02,E4_joint_constitutive_Cvcal,vmag,5,0.002999999999999999,0.006163342320416251,0.006082662632811931,0.006202101813666284,1.0,0.010811964248819805,12,13,0.0,1.0
L8_02,E5_joint_network,C_v,5,0.0025000000000000005,1.0,1.0,1.0,1.0,0.9162907318741551,12,13,0.0,1.0
L8_02,E5_joint_network,D,5,2.9999999999999997e-06,0.022105516532122997,0.022014265589943956,0.022314616079680296,1.0,0.021062561867069007,12,13,0.0,1.0
L8_02,E5_joint_network,S_v,5,3e-05,0.8391376036961204,0.8391359606373023,0.8391457509490046,1.0,0.9178304518022493,12,13,0.0,1.0
L8_02,E5_joint_network,eta_s,5,0.5,0.00422250939235433,0.0037329540720155117,0.004441958082867939,0.8,0.0013202157690660465,12,13,0.0,1.0
L8_02,E5_joint_network,k,5,1.9999999999999983e-12,0.48669288159353413,0.4866827384049848,0.486719307016732,0.0,3.0598900235347237,12,13,0.0,1.0
L8_02,E5_joint_network,mu,5,1999.9999999999998,0.0013169961158364216,0.00131475177494132,0.0013202391419226142,0.6,0.000919936147480982,12,13,0.0,1.0
L8_02,E5_joint_network,phi,5,0.011999999999999999,0.07090872789055477,0.07084330516273916,0.07123224650643899,1.0,0.01907662066718263,12,13,0.0,1.0
L8_02,E5_joint_network,vmag,5,0.002999999999999999,0.006162664540006837,0.006082091560722877,0.0062013803289986845,1.0,0.010853463799350038,12,13,0.0,1.0
L8_02,E8_relax_constitutive_Cvcal,C_v,5,0.0025000000000000005,0.9579074371710292,0.9576969527429905,0.9580873335935748,1.0,0.044007854073008446,15,16,0.0,1.0
L8_02,E8_relax_constitutive_Cvcal,D,5,2.9999999999999997e-06,0.022108165685146775,0.022017111710318508,0.02231717853473841,1.0,0.02116180405638879,15,16,0.0,1.0
L8_02,E8_relax_constitutive_Cvcal,S_v,5,3e-05,0.25795942836955044,0.2579514157655167,0.25801792415300284,1.0,0.04609063689831672,15,16,0.0,1.0
L8_02,E8_relax_constitutive_Cvcal,eta_s,5,0.5,0.004241720395697922,0.0037755046346521653,0.0044724190565425094,0.8,0.0030694859315824052,15,16,0.0,1.0
L8_02,E8_relax_constitutive_Cvcal,k,5,1.9999999999999983e-12,0.14489034025921893,0.14309211037686648,0.14735941048869491,1.0,0.07126379242209069,15,16,0.0,1.0
L8_02,E8_relax_constitutive_Cvcal,mu,5,1999.9999999999998,0.0013203856137881237,0.0013182381479113698,0.0013229775997212097,0.6,0.0007362421731968993,15,16,0.0,1.0
L8_02,E8_relax_constitutive_Cvcal,phi,5,0.011999999999999999,0.07083277466292731,0.07076671344312534,0.0711525685279181,1.0,0.019204846398045206,15,16,0.0,1.0
L8_02,E8_relax_constitutive_Cvcal,vmag,5,0.002999999999999999,0.006163366124738811,0.006082775245781153,0.006202116785764899,1.0,0.010879958311317495,15,16,0.0,1.0
L8_02,E8_relax_constitutive_Cvcal_norm,C_v,5,0.0025000000000000005,0.9803319058119757,0.9803158242831059,0.9803764774865849,1.0,0.04409986760425344,12,16,0.0,1.0
L8_02,E8_relax_constitutive_Cvcal_norm,D,5,2.9999999999999997e-06,0.029054242798637112,0.028472056751632183,0.029484235300427753,1.0,0.019684278391316923,12,16,0.0,1.0
L8_02,E8_relax_constitutive_Cvcal_norm,S_v,5,3e-05,0.6553786087496509,0.6546918161096741,0.6565974281572604,1.0,0.045158689918793016,12,16,0.0,1.0
L8_02,E8_relax_constitutive_Cvcal_norm,eta_s,5,0.5,0.004331936299099134,0.003909417835000157,0.004550681847892869,0.8,0.0030754566988976384,12,16,0.0,1.0
L8_02,E8_relax_constitutive_Cvcal_norm,k,5,1.9999999999999983e-12,0.2990095636756001,0.29859540653310196,0.30007596859029456,1.0,0.05996977935670955,12,16,0.0,1.0
L8_02,E8_relax_constitutive_Cvcal_norm,mu,5,1999.9999999999998,0.0013280562644247364,0.0013248863752122547,0.0013297263679978545,0.6,0.0007492318529500608,12,16,0.0,1.0
L8_02,E8_relax_constitutive_Cvcal_norm,phi,5,0.011999999999999999,0.6843847375128875,0.6837003486050257,0.6855090341471125,1.0,0.03240192976322298,12,16,0.0,1.0
L8_02,E8_relax_constitutive_Cvcal_norm,vmag,5,0.002999999999999999,0.005952088903732971,0.005800376452391431,0.006114897229511154,1.0,0.006887371430485345,12,16,0.0,1.0
L8_02,E8_relax_independent_matched,D,5,2.9999999999999997e-06,0.0221212417446175,0.022029974193230016,0.022330636947312896,1.0,0.02059378886787755,15,16,0.0,1.0
L8_02,E8_relax_independent_matched,S_v,5,2.9999999999999977e-05,0.6570702247190703,0.6567128179643158,0.657844598156886,1.0,0.29674309967654366,15,16,0.0,1.0
L8_02,E8_relax_independent_matched,eta_s,5,0.5,0.004288027384432345,0.0038424646317643104,0.00451537750520518,0.8,0.0025371919275539723,15,16,0.0,1.0
L8_02,E8_relax_independent_matched,k,5,1.9999999999999983e-12,0.29983180761307077,0.2993819877733031,0.3006900164984224,1.0,0.30834865270832523,15,16,0.0,1.0
L8_02,E8_relax_independent_matched,mu,5,1999.9999999999998,0.0013248988227384656,0.0013216495513994858,0.0013271960237356344,0.6,0.0007959286268794941,15,16,0.0,1.0
L8_02,E8_relax_independent_matched,phi,5,0.011999999999999999,0.0710366260463927,0.07097070902503894,0.07136209827896278,1.0,0.016716688767313137,15,16,0.0,1.0
L8_02,E8_relax_independent_matched,vmag,5,0.002999999999999999,0.006163352818222016,0.006082664805184911,0.006202117867271748,1.0,0.010811977896798552,15,16,0.0,1.0
L8_03,E2_ceus,D,5,3.0000000000000015e-07,0.020898200005585517,0.020450694467559254,0.021282125720478,0.8,0.023046164757831278,6,9,0.0,1.0
L8_03,E2_ceus,S_v,5,0.00015000000000000004,1.0,1.0,1.0,1.0,1.9033312448851607,6,9,0.0,1.0
L8_03,E2_ceus,k,5,7.000000000000004e-14,1.0,1.0,1.0,1.0,1.5079674904357532,6,9,0.0,1.0
L8_03,E2_ceus,phi,5,0.06,0.8382751537499445,0.83827360219845,0.8382764085813763,1.0,0.6915708075859528,6,9,0.0,1.0
L8_03,E2_ceus,vmag,5,0.002999999999999999,0.006329645124441415,0.006166975140058301,0.006458023565088238,1.0,0.008220259150109932,6,9,0.0,1.0
L8_03,E2_ceus_Acal,D,5,3.0000000000000015e-07,0.02089637310590151,0.020448957974715264,0.02128010996907738,0.8,0.022609050031030975,6,9,0.0,1.0
L8_03,E2_ceus_Acal,S_v,5,0.00015000000000000004,1.0,1.0,1.0,1.0,1.9033312448851607,6,9,0.0,1.0
L8_03,E2_ceus_Acal,k,5,7.000000000000004e-14,1.0,1.0,1.0,1.0,1.5079674904357532,6,9,0.0,1.0
L8_03,E2_ceus_Acal,phi,5,0.06,0.06763166990839355,0.06741577829089426,0.06780578056541851,1.0,0.004549174655876342,6,9,0.0,1.0
L8_03,E2_ceus_Acal,vmag,5,0.002999999999999999,0.006328809654381758,0.006166201749802115,0.006457208811634969,1.0,0.00830074986863849,6,9,0.0,1.0
L8_03,E3_joint_independent,D,5,3.0000000000000015e-07,0.020788534943082807,0.020431628977115646,0.02101524757066459,0.8,0.009449322529203386,11,13,0.0,1.0
L8_03,E3_joint_independent,S_v,5,0.00015000000000000004,1.0,1.0,1.0,1.0,1.9033312448851607,11,13,0.0,1.0
L8_03,E3_joint_independent,eta_s,5,4.0,0.007030964749573475,0.006990168016386066,0.007077980945430642,1.0,0.006862475386285372,11,13,0.0,1.0
L8_03,E3_joint_independent,k,5,7.000000000000004e-14,0.99965222148369,0.9995890345568481,0.9997045478533612,1.0,1.4997569976819491,11,13,0.0,1.0
L8_03,E3_joint_independent,mu,5,1999.9999999999998,0.005787314422742269,0.0057391886478516535,0.005848894445366972,0.6,0.0061617633225719,11,13,0.0,1.0
L8_03,E3_joint_independent,phi,5,0.06,0.06757325057421835,0.06725560486405756,0.06763894645549788,1.0,0.007989493323766084,11,13,0.0,1.0
L8_03,E3_joint_independent,vmag,5,0.002999999999999999,0.006286451541197225,0.006036110768262111,0.00630462353045647,1.0,0.007059950953288485,11,13,0.0,1.0
L8_03,E4_joint_constitutive_Cvcal,C_v,5,0.0025000000000000005,1.0,1.0,1.0,1.0,0.0,11,13,0.0,1.0
L8_03,E4_joint_constitutive_Cvcal,D,5,3.0000000000000015e-07,0.02078853494404811,0.02043162897308703,0.02101524757066459,0.8,0.009449323066942128,11,13,0.0,1.0
L8_03,E4_joint_constitutive_Cvcal,S_v,5,0.00015000000000000001,0.2693092954699735,0.26923519979048005,0.2693246610483348,1.0,0.007989486799255374,11,13,0.0,1.0
L8_03,E4_joint_constitutive_Cvcal,eta_s,5,4.0,0.007030965038349032,0.006990168016386066,0.007077980945430642,1.0,0.0068624799847438744,11,13,0.0,1.0
L8_03,E4_joint_constitutive_Cvcal,k,5,7.000000000000004e-14,0.9996522150631452,0.9995890217280382,0.9997045478533612,1.0,1.4997569976819491,11,13,0.0,1.0
L8_03,E4_joint_constitutive_Cvcal,mu,5,1999.9999999999998,0.005787314605240743,0.0057391887849115135,0.005848894316922767,0.6,0.0061617649956184906,11,13,0.0,1.0
L8_03,E4_joint_constitutive_Cvcal,phi,5,0.06,0.06757325057421835,0.06725560486528316,0.06763894645436107,1.0,0.007989486799255374,11,13,0.0,1.0
L8_03,E4_joint_constitutive_Cvcal,vmag,5,0.002999999999999999,0.006286451541197225,0.006036110769234942,0.006304623529765275,1.0,0.007059951088400851,11,13,0.0,1.0
L8_03,E5_joint_network,C_v,5,0.0025000000000000005,1.0,1.0,1.0,1.0,0.9162907318741551,11,13,0.0,1.0
L8_03,E5_joint_network,D,5,3.0000000000000015e-07,0.02078090062732596,0.020423424028220363,0.021007133771675277,0.8,0.008444819805754733,11,13,0.0,1.0
L8_03,E5_joint_network,S_v,5,0.00015000000000000001,0.8390531061550305,0.8390454917624317,0.8390546557613799,1.0,0.9238666508942845,11,13,0.0,1.0
L8_03,E5_joint_network,eta_s,5,4.0,0.007046077458314547,0.007007740561577698,0.007099707464801799,1.0,0.006302003333892525,11,13,0.0,1.0
L8_03,E5_joint_network,k,5,7.000000000000004e-14,0.48314186767039347,0.48107325264598705,0.4834782174666657,0.0,3.6956491367455655,11,13,0.0,1.0
L8_03,E5_joint_network,mu,5,1999.9999999999998,0.005793225119330927,0.005745321069861395,0.0058619324830342925,0.6,0.005965997745808416,11,13,0.0,1.0
L8_03,E5_joint_network,phi,5,0.06,0.06746219338104514,0.0671429417006284,0.06752697985982312,1.0,0.007575919020128996,11,13,0.0,1.0
L8_03,E5_joint_network,vmag,5,0.002999999999999999,0.006283638381477757,0.006033935704937059,0.006301739172108455,1.0,0.006829269429850626,11,13,0.0,1.0
L8_03,E8_relax_constitutive_Cvcal,C_v,5,0.0025000000000000005,0.9660130762096998,0.9604941609105271,0.9667299228620533,1.0,0.027821971396587486,14,16,1.420021263616687e-12,0.9999999999992901
L8_03,E8_relax_constitutive_Cvcal,D,5,3.0000000000000015e-07,0.020784488696214676,0.020428188732051784,0.02101030086535289,0.8,0.009552445010832855,14,16,1.420021263616687e-12,0.9999999999992901
L8_03,E8_relax_constitutive_Cvcal,S_v,5,0.00015000000000000001,0.25950933220650807,0.257992619553273,0.2597946131162974,1.0,0.020563160752518073,14,16,1.420021263616687e-12,0.9999999999992901
L8_03,E8_relax_constitutive_Cvcal,eta_s,5,4.0,0.007030226378619493,0.006989296449466367,0.0070775224344895174,1.0,0.006902340028543286,14,16,1.420021263616687e-12,0.9999999999992901
L8_03,E8_relax_constitutive_Cvcal,k,5,7.000000000000004e-14,0.7029936003201186,0.5336750426949056,0.7118044981370949,1.0,0.6402179503632972,14,16,1.420021263616687e-12,0.9999999999992901
L8_03,E8_relax_constitutive_Cvcal,mu,5,1999.9999999999998,0.005787083127589262,0.0057389412830178045,0.00584853784830247,0.6,0.006175760804567609,14,16,1.420021263616687e-12,0.9999999999992901
L8_03,E8_relax_constitutive_Cvcal,phi,5,0.06,0.0674105556642866,0.06711695063789623,0.06750114588995242,1.0,0.008727960710329885,14,16,1.420021263616687e-12,0.9999999999992901
L8_03,E8_relax_constitutive_Cvcal,vmag,5,0.002999999999999999,0.006286285263545134,0.006035843260923426,0.0063044837062742115,1.0,0.007079812534531271,14,16,1.420021263616687e-12,0.9999999999992901
L8_03,E8_relax_constitutive_Cvcal_norm,C_v,5,0.0025000000000000005,0.9823797268786464,0.9809316875099078,0.9825935668371831,1.0,0.04899441937136029,11,16,0.0,1.0
L8_03,E8_relax_constitutive_Cvcal_norm,D,5,3.0000000000000015e-07,0.030150781825786413,0.0294980134572314,0.030890297306514308,0.8,0.045374420738655274,11,16,0.0,1.0
L8_03,E8_relax_constitutive_Cvcal_norm,S_v,5,0.00015000000000000001,0.6988397898037492,0.6683835113290438,0.7032293929591328,1.0,0.2694240797487275,11,16,0.0,1.0
L8_03,E8_relax_constitutive_Cvcal_norm,eta_s,5,4.0,0.007030190889175129,0.0069892471961819636,0.007077421544327677,1.0,0.006912502883364757,11,16,0.0,1.0
L8_03,E8_relax_constitutive_Cvcal_norm,k,5,7.000000000000004e-14,0.854232395992515,0.5885723444933267,0.8559745544032398,1.0,0.23565853998697506,11,16,0.0,1.0
L8_03,E8_relax_constitutive_Cvcal_norm,mu,5,1999.9999999999998,0.005787114557695624,0.005738970554313033,0.005848570463060738,0.6,0.006179331240240948,11,16,0.0,1.0
L8_03,E8_relax_constitutive_Cvcal_norm,phi,5,0.06,0.7233996986660611,0.6960671968539377,0.7273523640787183,1.0,0.3184184991200878,11,16,0.0,1.0
L8_03,E8_relax_constitutive_Cvcal_norm,vmag,5,0.002999999999999999,0.007223944727219182,0.006904202427481757,0.007452159624931509,0.8,0.010197935158301696,11,16,0.0,1.0
L8_03,E8_relax_independent_matched,D,5,3.0000000000000015e-07,0.02078853495056234,0.020431628937341982,0.02101524758478396,0.8,0.009449314122848662,14,16,0.0,1.0
L8_03,E8_relax_independent_matched,S_v,5,0.00015000000000000004,0.6974991604289564,0.6691448115304567,0.700006299779225,1.0,0.19855767226156296,14,16,0.0,1.0
L8_03,E8_relax_independent_matched,eta_s,5,4.0,0.007030377932081714,0.006989411999304228,0.007077958169798853,1.0,0.00688969533998951,14,16,0.0,1.0
L8_03,E8_relax_independent_matched,k,5,7.000000000000004e-14,0.8536101373836071,0.6067952121323231,0.8571801664399897,1.0,0.8654604899962521,14,16,0.0,1.0
L8_03,E8_relax_independent_matched,mu,5,1999.9999999999998,0.005787107657675828,0.005738967336882711,0.00584855374895056,0.6,0.006171319712372281,14,16,0.0,1.0
L8_03,E8_relax_independent_matched,phi,5,0.06,0.06757325056378666,0.06725560490615988,0.06763894640699879,1.0,0.007989423311238752,14,16,0.0,1.0
L8_03,E8_relax_independent_matched,vmag,5,0.002999999999999999,0.006286451535123997,0.006036110795616102,0.006304623497311915,1.0,0.00705994945569266,14,16,0.0,1.0
L8_04,E2_ceus,D,5,2.9999999999999997e-06,0.007588646716095145,0.007510317749690471,0.007808574061435072,1.0,0.007733189899015613,6,9,0.0,1.0
L8_04,E2_ceus,S_v,5,2.4000000000000004e-05,1.0,1.0,1.0,1.0,0.07074978113685049,6,9,0.0,1.0
L8_04,E2_ceus,k,5,1.9999999999999983e-12,1.0,1.0,1.0,1.0,1.8444397270569688,6,9,0.0,1.0
L8_04,E2_ceus,phi,5,0.06,0.8382600483678273,0.8382596481623632,0.8382601638429924,1.0,0.6909350480550605,6,9,0.0,1.0
L8_04,E2_ceus,vmag,5,0.0004000000000000001,0.025574291377685122,0.02327647023920459,0.027130013746148953,0.8,0.03439123242717823,6,9,0.0,1.0
L8_04,E2_ceus_Acal,D,5,2.9999999999999997e-06,0.007589227205370624,0.007510922480681023,0.007809088846626096,1.0,0.0076268924005979954,6,9,0.0,1.0
L8_04,E2_ceus_Acal,S_v,5,2.4000000000000004e-05,1.0,1.0,1.0,1.0,0.07074978113685049,6,9,0.0,1.0
L8_04,E2_ceus_Acal,k,5,1.9999999999999983e-12,1.0,1.0,1.0,1.0,1.8444397270569688,6,9,0.0,1.0
L8_04,E2_ceus_Acal,phi,5,0.06,0.06549920213059512,0.06544185712975042,0.06551576250704415,1.0,0.007353062705839353,6,9,0.0,1.0
L8_04,E2_ceus_Acal,vmag,5,0.0004000000000000001,0.025559169724754714,0.023264087302442317,0.02711228715675092,0.8,0.034004930482603335,6,9,0.0,1.0
L8_04,E3_joint_independent,D,5,2.9999999999999997e-06,0.007601646015591916,0.007560070317068096,0.007716882843129823,0.8,0.013604558102978004,12,13,0.0,1.0
L8_04,E3_joint_independent,S_v,5,2.4000000000000004e-05,1.0,1.0,1.0,1.0,0.07074978113685049,12,13,0.0,1.0
L8_04,E3_joint_independent,eta_s,5,4.0,0.007035255793905109,0.0069936910061110845,0.007081908284022115,1.0,0.0073215916418412075,12,13,0.0,1.0
L8_04,E3_joint_independent,k,5,1.9999999999999983e-12,0.9996524778637383,0.9995904020503172,0.9997051277493498,1.0,1.8493976539920816,12,13,0.0,1.0
L8_04,E3_joint_independent,mu,5,1999.9999999999998,0.005791112964451105,0.005742649033880064,0.0058526721940344445,0.6,0.006322133253640949,12,13,0.0,1.0
L8_04,E3_joint_independent,phi,5,0.06,0.0655314903241505,0.0654625554263526,0.06555910529895065,1.0,0.005994844840901514,12,13,0.0,1.0
L8_04,E3_joint_independent,vmag,5,0.0004000000000000001,0.026161883916421696,0.024831497839941066,0.02664880368572426,1.0,0.021889776013126472,12,13,0.0,1.0
L8_04,E4_joint_constitutive_Cvcal,C_v,5,0.0004000000000000001,1.0,1.0,1.0,1.0,0.0,12,13,0.0,1.0
L8_04,E4_joint_constitutive_Cvcal,D,5,2.9999999999999997e-06,0.007601646015591916,0.007560070317068096,0.007716882859748648,0.8,0.013604559936533533,12,13,0.0,1.0
L8_04,E4_joint_constitutive_Cvcal,S_v,5,2.4000000000000004e-05,0.26883876784877975,0.2688231194435416,0.26884504088600514,1.0,0.0059948448409024024,12,13,0.0,1.0
L8_04,E4_joint_constitutive_Cvcal,eta_s,5,4.0,0.007035255793905109,0.0069936910061110845,0.007081908240227234,1.0,0.0073215916418412075,12,13,0.0,1.0
L8_04,E4_joint_constitutive_Cvcal,k,5,1.9999999999999983e-12,0.9996524778637383,0.9995904020503172,0.9997051104222623,1.0,1.8493685509385678,12,13,0.0,1.0
L8_04,E4_joint_constitutive_Cvcal,mu,5,1999.9999999999998,0.005791112964451105,0.005742649033880064,0.0058526721940344445,0.6,0.006322133253640949,12,13,0.0,1.0
L8_04,E4_joint_constitutive_Cvcal,phi,5,0.06,0.0655314903241505,0.06546255542486962,0.06555910529895065,1.0,0.005994844840901514,12,13,0.0,1.0
L8_04,E4_joint_constitutive_Cvcal,vmag,5,0.0004000000000000001,0.026161883916421696,0.024831497636743246,0.02664880368572426,1.0,0.021889776013126472,12,13,0.0,1.0
L8_04,E5_joint_network,C_v,5,0.0004000000000000001,1.0,1.0,1.0,1.0,0.9162907318741551,12,13,0.0,1.0
L8_04,E5_joint_network,D,5,2.9999999999999997e-06,0.007601395097334397,0.007559627189237651,0.007716613800898019,0.8,0.013613384514377103,12,13,0.0,1.0
L8_04,E5_joint_network,S_v,5,2.4000000000000004e-05,0.8390060483980073,0.8390044383518843,0.8390066877947311,1.0,0.9133941257099298,12,13,0.0,1.0
L8_04,E5_joint_network,eta_s,5,4.0,0.0070436276438703505,0.007004228673854316,0.007091636115607621,1.0,0.006910271487726272,12,13,0.0,1.0
L8_04,E5_joint_network,k,5,1.9999999999999983e-12,0.48414067526043664,0.4833179869424006,0.48449979707688257,1.0,0.053177029334595005,12,13,0.0,1.0
L8_04,E5_joint_network,mu,5,1999.9999999999998,0.005793922996179336,0.005745764193167131,0.005858672299396394,0.6,0.006178084632286307,12,13,0.0,1.0
L8_04,E5_joint_network,phi,5,0.06,0.06546431535010101,0.06539488156872884,0.06549186916436218,1.0,0.006016424650097996,12,13,0.0,1.0
L8_04,E5_joint_network,vmag,5,0.0004000000000000001,0.026174597858485332,0.024842494244123322,0.026662730373997287,1.0,0.02221863509904587,12,13,0.0,1.0
L8_04,E8_relax_constitutive_Cvcal,C_v,5,0.0004000000000000001,0.9583944854796899,0.9583120695923149,0.9584530652484365,1.0,0.034654624587874494,15,16,0.0,1.0
L8_04,E8_relax_constitutive_Cvcal,D,5,2.9999999999999997e-06,0.007601871942575599,0.007559910055090064,0.007716844330677337,0.8,0.013677010473045925,15,16,0.0,1.0
L8_04,E8_relax_constitutive_Cvcal,S_v,5,2.4000000000000004e-05,0.2569727469787055,0.2569648595820773,0.2570023056901352,1.0,0.03831812735614015,15,16,0.0,1.0
L8_04,E8_relax_constitutive_Cvcal,eta_s,5,4.0,0.0070355868723722785,0.006994390600678401,0.007082324363135522,1.0,0.006914415295738108,15,16,0.0,1.0
L8_04,E8_relax_constitutive_Cvcal,k,5,1.9999999999999983e-12,0.14262003306509277,0.14126837954279012,0.1445331820211717,1.0,0.07891590752740996,15,16,0.0,1.0
L8_04,E8_relax_constitutive_Cvcal,mu,5,1999.9999999999998,0.005789241413104661,0.005741099188729343,0.005850809753900778,0.6,0.0061795319994173425,15,16,0.0,1.0
L8_04,E8_relax_constitutive_Cvcal,phi,5,0.06,0.06537455475889813,0.0653063989032855,0.06540175192265817,1.0,0.007562849128239346,15,16,0.0,1.0
L8_04,E8_relax_constitutive_Cvcal,vmag,5,0.0004000000000000001,0.026146424513380135,0.02482023527295915,0.026631591366481626,1.0,0.021565299164588936,15,16,0.0,1.0
L8_04,E8_relax_constitutive_Cvcal_norm,C_v,5,0.0004000000000000001,0.9804944386066671,0.9804838378556114,0.9805090713347434,1.0,0.021194480245978475,12,16,0.0,1.0
L8_04,E8_relax_constitutive_Cvcal_norm,D,5,2.9999999999999997e-06,0.00791981070695899,0.0077724714481608205,0.007946401886302343,0.8,0.012251830010692188,12,16,0.0,1.0
L8_04,E8_relax_constitutive_Cvcal_norm,S_v,5,2.4000000000000004e-05,0.6589235120859892,0.6586899923294924,0.6592395860197997,1.0,0.6766746060584765,12,16,0.0,1.0
L8_04,E8_relax_constitutive_Cvcal_norm,eta_s,5,4.0,0.007035493686610568,0.006994075617779979,0.007082151928922553,1.0,0.007144441641204535,12,16,0.0,1.0
L8_04,E8_relax_constitutive_Cvcal_norm,k,5,1.9999999999999983e-12,0.3002881187515869,0.2998911686699023,0.3008104683948099,1.0,0.6712805784148408,12,16,0.0,1.0
L8_04,E8_relax_constitutive_Cvcal_norm,mu,5,1999.9999999999998,0.00579036059295451,0.005742014207445325,0.005851813122743781,0.6,0.00626016288391984,12,16,0.0,1.0
L8_04,E8_relax_constitutive_Cvcal_norm,phi,5,0.06,0.6876124045777805,0.687403743851446,0.687894434816213,1.0,0.6978690863044559,12,16,0.0,1.0
L8_04,E8_relax_constitutive_Cvcal_norm,vmag,5,0.0004000000000000001,0.01669811312186804,0.016249026900065074,0.019044656235273173,1.0,0.026042256791297014,12,16,0.0,1.0
L8_04,E8_relax_independent_matched,D,5,2.9999999999999997e-06,0.007601644690099151,0.007560070219858438,0.007716882954836024,0.8,0.013604568980541742,15,16,0.0,1.0
L8_04,E8_relax_independent_matched,S_v,5,2.4000000000000004e-05,0.6586735885248124,0.6584396630322904,0.658967343090946,1.0,0.24924953781360415,15,16,0.0,1.0
L8_04,E8_relax_independent_matched,eta_s,5,4.0,0.00703670910429859,0.006995439312378623,0.007083459607959625,1.0,0.007021540227053036,15,16,0.0,1.0
L8_04,E8_relax_independent_matched,k,5,1.9999999999999983e-12,0.3001763712783214,0.2997774027066646,0.3006898362421833,1.0,0.25263105343757175,15,16,0.0,1.0
L8_04,E8_relax_independent_matched,mu,5,1999.9999999999998,0.005790441399473203,0.005742110392209219,0.005851914047173646,0.6,0.006216950076016303,15,16,0.0,1.0
L8_04,E8_relax_independent_matched,phi,5,0.06,0.06553149043349361,0.06546255533494223,0.06555910535192626,1.0,0.00599923430104754,15,16,0.0,1.0
L8_04,E8_relax_independent_matched,vmag,5,0.0004000000000000001,0.026161901607880268,0.024831496470369453,0.02664881401624222,1.0,0.021890221274238897,15,16,0.0,1.0
L8_05,E2_ceus,D,5,2.9999999999999997e-06,0.007588646702085562,0.007510317750802261,0.007808574058219699,1.0,0.007733189993212264,6,9,0.0,1.0
L8_05,E2_ceus,S_v,5,0.00015000000000000004,1.0,1.0,1.0,1.0,1.9033312448851607,6,9,0.0,1.0
L8_05,E2_ceus,k,5,7.000000000000004e-14,1.0,1.0,1.0,1.0,1.5079674904357532,6,9,0.0,1.0
L8_05,E2_ceus,phi,5,0.06,0.8382600483149621,0.838259648329671,0.8382601637871293,1.0,0.6909357160637608,6,9,0.0,1.0
L8_05,E2_ceus,vmag,5,0.0004000000000000001,0.02557429167068761,0.02327647030236048,0.027130013720166643,0.8,0.034391232447265274,6,9,0.0,1.0
L8_05,E2_ceus_Acal,D,5,2.9999999999999997e-06,0.007589227118910898,0.007510922476566749,0.007809088849893027,1.0,0.007626892232263316,6,9,0.0,1.0
L8_05,E2_ceus_Acal,S_v,5,0.00015000000000000004,1.0,1.0,1.0,1.0,1.9033312448851607,6,9,0.0,1.0
L8_05,E2_ceus_Acal,k,5,7.000000000000004e-14,1.0,1.0,1.0,1.0,1.5079674904357532,6,9,0.0,1.0
L8_05,E2_ceus_Acal,phi,5,0.06,0.0654992021601399,0.06544185712727106,0.06551576249594014,1.0,0.0073531137184974504,6,9,0.0,1.0
L8_05,E2_ceus_Acal,vmag,5,0.0004000000000000001,0.025559170814370338,0.023264087289501103,0.02711228720875202,0.8,0.03400493171568186,6,9,0.0,1.0
L8_05,E3_joint_independent,D,5,2.9999999999999997e-06,0.007601645071189125,0.0075600714354139556,0.007716881622165349,0.8,0.01360443404449363,11,13,0.0,1.0
L8_05,E3_joint_independent,S_v,5,0.00015000000000000004,1.0,1.0,1.0,1.0,1.9033312448851607,11,13,0.0,1.0
L8_05,E3_joint_independent,eta_s,5,0.5,0.012734571862581761,0.011580670466102453,0.013143548648883657,1.0,0.007226317452122766,11,13,0.0,1.0
L8_05,E3_joint_independent,k,5,7.000000000000004e-14,0.9981257221097654,0.9973444521283881,0.9985551700576797,1.0,1.5670849376833864,11,13,0.0,1.0
L8_05,E3_joint_independent,mu,5,5999.999999999995,0.002272340633934053,0.00226674976079229,0.002298023579353361,0.6,0.0019564122117792238,11,13,0.0,1.0
L8_05,E3_joint_independent,phi,5,0.06,0.06553149047041655,0.06546255550976034,0.0655591053946527,1.0,0.005994337891864099,11,13,0.0,1.0
L8_05,E3_joint_independent,vmag,5,0.0004000000000000001,0.026161896588769096,0.024831512970136266,0.026648814843643637,1.0,0.021890095104830642,11,13,0.0,1.0
L8_05,E4_joint_constitutive_Cvcal,C_v,5,0.0025000000000000005,1.0,1.0,1.0,1.0,0.0,11,13,0.0,1.0
L8_05,E4_joint_constitutive_Cvcal,D,5,2.9999999999999997e-06,0.007601645071189125,0.0075600714354139556,0.00771688164851683,0.8,0.013604436943291276,11,13,0.0,1.0
L8_05,E4_joint_constitutive_Cvcal,S_v,5,0.00015000000000000001,0.268838767881999,0.26882311946278703,0.2688450409077492,1.0,0.005994337891864987,11,13,0.0,1.0
L8_05,E4_joint_constitutive_Cvcal,eta_s,5,0.5,0.012734571862581761,0.011580670466102453,0.013143555152344525,1.0,0.007226317452122766,11,13,0.0,1.0
L8_05,E4_joint_constitutive_Cvcal,k,5,7.000000000000004e-14,0.9981257221097654,0.9973444521283881,0.9985551700576797,1.0,1.5670849376833864,11,13,0.0,1.0
L8_05,E4_joint_constitutive_Cvcal,mu,5,5999.999999999995,0.002272340633934053,0.00226674976079229,0.002298023579353361,0.6,0.0019564122117792238,11,13,0.0,1.0
L8_05,E4_joint_constitutive_Cvcal,phi,5,0.06,0.06553149047041655,0.06546255550969278,0.0655591053946527,1.0,0.005994337891864099,11,13,0.0,1.0
L8_05,E4_joint_constitutive_Cvcal,vmag,5,0.0004000000000000001,0.026161896588769096,0.02483151262100404,0.026648814843643637,1.0,0.021890095104830642,11,13,0.0,1.0
L8_05,E5_joint_network,C_v,5,0.0025000000000000005,1.0,1.0,1.0,1.0,0.9162907318741551,11,13,0.0,1.0
L8_05,E5_joint_network,D,5,2.9999999999999997e-06,0.007601635361573971,0.007558572203174111,0.007716690718478401,0.8,0.01362602943864566,11,13,0.0,1.0
L8_05,E5_joint_network,S_v,5,0.00015000000000000001,0.8390054579928474,0.8390041916095404,0.8390062303838732,1.0,0.920046515608199,11,13,0.0,1.0
L8_05,E5_joint_network,eta_s,5,0.5,0.014023761882546483,0.013472607800844943,0.014597009326251955,1.0,0.004734551614198335,11,13,0.0,1.0
L8_05,E5_joint_network,k,5,7.000000000000004e-14,0.4768297022850829,0.46446960924557434,0.4801339742632238,0.0,3.4872934085884957,11,13,0.0,1.0
L8_05,E5_joint_network,mu,5,5999.999999999995,0.0023597088877823726,0.002311089952860208,0.002449424527472185,0.8,0.002496466856419133,11,13,0.0,1.0
L8_05,E5_joint_network,phi,5,0.06,0.06543886246778433,0.06538423421801852,0.06547215892831362,1.0,0.007126733151093578,11,13,0.0,1.0
L8_05,E5_joint_network,vmag,5,0.0004000000000000001,0.026170994095258374,0.024840965167177306,0.026669206552324815,1.0,0.02213145297090069,11,13,0.0,1.0
L8_05,E8_relax_constitutive_Cvcal,C_v,5,0.0025000000000000005,0.9659968849534899,0.9604553941183495,0.9667419631814772,1.0,0.027310865653378258,14,16,0.0,1.0
L8_05,E8_relax_constitutive_Cvcal,D,5,2.9999999999999997e-06,0.007600322484744715,0.007558911638349551,0.007715370005887484,0.8,0.013523763687231849,14,16,0.0,1.0
L8_05,E8_relax_constitutive_Cvcal,S_v,5,0.00015000000000000001,0.2591411474804915,0.2575573470451594,0.25936418574535863,1.0,0.025889286304908055,14,16,0.0,1.0
L8_05,E8_relax_constitutive_Cvcal,eta_s,5,0.5,0.012652871364955607,0.01140787718281301,0.013088801058378993,1.0,0.0079322010444699,14,16,0.0,1.0
L8_05,E8_relax_constitutive_Cvcal,k,5,7.000000000000004e-14,0.7026100711812931,0.5319930128075113,0.7112546450880347,1.0,0.6510156472004311,14,16,0.0,1.0
L8_05,E8_relax_constitutive_Cvcal,mu,5,5999.999999999995,0.0022669503758212146,0.0022602899064844283,0.002293339397086149,0.6,0.0019183362117356495,14,16,0.0,1.0
L8_05,E8_relax_constitutive_Cvcal,phi,5,0.06,0.06540588618764029,0.06531405207051075,0.06542705883547363,1.0,0.006733312671536318,14,16,0.0,1.0
L8_05,E8_relax_constitutive_Cvcal,vmag,5,0.0004000000000000001,0.026169736007860444,0.024839117901905097,0.026650512180293785,1.0,0.022139253169516593,14,16,0.0,1.0
L8_05,E8_relax_constitutive_Cvcal_norm,C_v,5,0.0025000000000000005,0.9823801838048242,0.980928317228916,0.9825954766262099,1.0,0.04939057400379099,11,16,3.101353415043769e-14,0.9999999999999845
L8_05,E8_relax_constitutive_Cvcal_norm,D,5,2.9999999999999997e-06,0.007919810706901067,0.007772471448612117,0.007946401891076392,0.8,0.012251830044464285,11,16,3.101353415043769e-14,0.9999999999999845
L8_05,E8_relax_constitutive_Cvcal_norm,S_v,5,0.00015000000000000001,0.6988491365203047,0.6683092134280396,0.7032683996650859,1.0,0.26366055068476335,11,16,3.101353415043769e-14,0.9999999999999845
L8_05,E8_relax_constitutive_Cvcal_norm,eta_s,5,0.5,0.01264839635732912,0.011403647416508256,0.013078932892546377,1.0,0.008087997043142225,11,16,3.101353415043769e-14,0.9999999999999845
L8_05,E8_relax_constitutive_Cvcal_norm,k,5,7.000000000000004e-14,0.8541826825961045,0.5874572122941122,0.8558547690153063,1.0,0.22640617377422956,11,16,3.101353415043769e-14,0.9999999999999845
L8_05,E8_relax_constitutive_Cvcal_norm,mu,5,5999.999999999995,0.0022666799911840955,0.002260130553401743,0.0022931843513141633,0.6,0.0019114857889661607,11,16,3.101353415043769e-14,0.9999999999999845
L8_05,E8_relax_constitutive_Cvcal_norm,phi,5,0.06,0.7234081075105651,0.6960005933636355,0.7273874972745975,1.0,0.31305112468855434,11,16,3.101353415043769e-14,0.9999999999999845
L8_05,E8_relax_constitutive_Cvcal_norm,vmag,5,0.0004000000000000001,0.016698113102573412,0.016249026802771623,0.019044656251514528,1.0,0.0260422595613381,11,16,3.101353415043769e-14,0.9999999999999845
L8_05,E8_relax_independent_matched,D,5,2.9999999999999997e-06,0.007601645648615951,0.0075600705996982775,0.007716879940713832,0.8,0.013604263352441137,14,16,0.0,1.0
L8_05,E8_relax_independent_matched,S_v,5,0.00015000000000000004,0.6975111936007621,0.6689575767117122,0.7002230896728339,1.0,0.20882325079168673,14,16,0.0,1.0
L8_05,E8_relax_independent_matched,eta_s,5,0.5,0.01267101336898491,0.01142293161699897,0.013138809134175495,1.0,0.007885198896700363,14,16,0.0,1.0
L8_05,E8_relax_independent_matched,k,5,7.000000000000004e-14,0.853499912611435,0.6057046595165915,0.856999200494642,1.0,0.8993391550806571,14,16,0.0,1.0
L8_05,E8_relax_independent_matched,mu,5,5999.999999999995,0.002267979458354893,0.0022608359135998534,0.0022936142856454906,0.6,0.0019237625643686584,14,16,0.0,1.0
L8_05,E8_relax_independent_matched,phi,5,0.06,0.06553149040535046,0.06546255555002432,0.06555910533622333,1.0,0.0059945667623453325,14,16,0.0,1.0
L8_05,E8_relax_independent_matched,vmag,5,0.0004000000000000001,0.026161888949944034,0.02483153396080606,0.026648805879588126,1.0,0.021889906502477352,14,16,0.0,1.0
L8_06,E2_ceus,D,5,3.0000000000000015e-07,0.020898200001954578,0.02045069446806519,0.021282125720136897,0.8,0.02304616388468439,6,9,0.0,1.0
L8_06,E2_ceus,S_v,5,2.4000000000000004e-05,1.0,1.0,1.0,1.0,0.07074978113685049,6,9,0.0,1.0
L8_06,E2_ceus,k,5,1.9999999999999983e-12,1.0,1.0,1.0,1.0,1.8444397270569688,6,9,0.0,1.0
L8_06,E2_ceus,phi,5,0.06,0.8382751537510884,0.8382736021980023,0.8382764085840585,1.0,0.6915707778187281,6,9,0.0,1.0
L8_06,E2_ceus,vmag,5,0.002999999999999999,0.006329645143216999,0.006166975140724055,0.006458023563988825,1.0,0.008220258896651345,6,9,0.0,1.0
L8_06,E2_ceus_Acal,D,5,3.0000000000000015e-07,0.020896373107697295,0.02044895797167257,0.02128010996852765,0.8,0.02260905000160207,6,9,0.0,1.0
L8_06,E2_ceus_Acal,S_v,5,2.4000000000000004e-05,1.0,1.0,1.0,1.0,0.07074978113685049,6,9,0.0,1.0
L8_06,E2_ceus_Acal,k,5,1.9999999999999983e-12,1.0,1.0,1.0,1.0,1.8444397270569688,6,9,0.0,1.0
L8_06,E2_ceus_Acal,phi,5,0.06,0.06763166991020732,0.06741577828738954,0.06780578056608522,1.0,0.004549153376205428,6,9,0.0,1.0
L8_06,E2_ceus_Acal,vmag,5,0.002999999999999999,0.006328809655574977,0.006166201747318363,0.006457208812056761,1.0,0.008300749948666919,6,9,0.0,1.0
L8_06,E3_joint_independent,D,5,3.0000000000000015e-07,0.020788534279469275,0.02043162878639134,0.021015246521079542,0.8,0.009449624623911745,12,13,0.0,1.0
L8_06,E3_joint_independent,S_v,5,2.4000000000000004e-05,1.0,1.0,1.0,1.0,0.07074978113685049,12,13,0.0,1.0
L8_06,E3_joint_independent,eta_s,5,0.5,0.012736032070886241,0.011633535088323948,0.013137914542309148,1.0,0.009788282348056065,12,13,0.0,1.0
L8_06,E3_joint_independent,k,5,1.9999999999999983e-12,0.9980488099651916,0.9971847176681168,0.9985128040380031,1.0,1.76174931359677,12,13,0.0,1.0
L8_06,E3_joint_independent,mu,5,5999.999999999995,0.0022799853924111955,0.0022746068297003373,0.002305706557639356,0.6,0.0016566361172873911,12,13,0.0,1.0
L8_06,E3_joint_independent,phi,5,0.06,0.06757325148378039,0.06725560472820279,0.06763894707576446,1.0,0.007991682599114647,12,13,0.0,1.0
L8_06,E3_joint_independent,vmag,5,0.002999999999999999,0.006286452136361283,0.006036110676244442,0.00630462393366144,1.0,0.00706000930412376,12,13,0.0,1.0
L8_06,E4_joint_constitutive_Cvcal,C_v,5,0.0004000000000000001,1.0,1.0,1.0,1.0,0.0,12,13,0.0,1.0
L8_06,E4_joint_constitutive_Cvcal,D,5,3.0000000000000015e-07,0.020788534279469275,0.02043162878081358,0.021015246521079542,0.8,0.009449624623911745,12,13,0.0,1.0
L8_06,E4_joint_constitutive_Cvcal,S_v,5,2.4000000000000004e-05,0.2693092956826133,0.2692351997581664,0.26932466119374104,1.0,0.007991682599115535,12,13,0.0,1.0
L8_06,E4_joint_constitutive_Cvcal,eta_s,5,0.5,0.012736032070886241,0.011633535088323948,0.013137914542309148,1.0,0.009788282348056065,12,13,0.0,1.0
L8_06,E4_joint_constitutive_Cvcal,k,5,1.9999999999999983e-12,0.9980488721799605,0.9971847176681168,0.9985128040380031,1.0,1.7617654258069244,12,13,0.0,1.0
L8_06,E4_joint_constitutive_Cvcal,mu,5,5999.999999999995,0.0022799853924111955,0.0022746068297003373,0.0023057063856534643,0.6,0.0016566361172873911,12,13,0.0,1.0
L8_06,E4_joint_constitutive_Cvcal,phi,5,0.06,0.06757325148378039,0.06725560472644751,0.06763894707576446,1.0,0.007991682599114647,12,13,0.0,1.0
L8_06,E4_joint_constitutive_Cvcal,vmag,5,0.002999999999999999,0.006286452136361283,0.006036110675004396,0.00630462393366144,1.0,0.00706000930412376,12,13,0.0,1.0
L8_06,E5_joint_network,C_v,5,0.0004000000000000001,1.0,1.0,1.0,1.0,0.9162907318741551,12,13,0.0,1.0
L8_06,E5_joint_network,D,5,3.0000000000000015e-07,0.020779116215323305,0.02042316756773907,0.02100674676024947,0.8,0.008767879738170947,12,13,0.0,1.0
L8_06,E5_joint_network,S_v,5,2.4000000000000004e-05,0.8390526349540927,0.839040640302473,0.839054302743808,1.0,0.9082633476383624,12,13,0.0,1.0
L8_06,E5_joint_network,eta_s,5,0.5,0.015057374755814597,0.0139587670089551,0.02480416815736471,1.0,0.008986849977192679,12,13,0.0,1.0
L8_06,E5_joint_network,k,5,1.9999999999999983e-12,0.47033065244322336,0.243354181513624,0.4768130350342247,0.8,0.42728902796935486,12,13,0.0,1.0
L8_06,E5_joint_network,mu,5,5999.999999999995,0.0024389791796157875,0.0023494045921012706,0.004224226189228069,0.6,0.002769717778880576,12,13,0.0,1.0
L8_06,E5_joint_network,phi,5,0.06,0.06744248093344668,0.06693874001090558,0.06751222623675973,1.0,0.008027384235793189,12,13,0.0,1.0
L8_06,E5_joint_network,vmag,5,0.002999999999999999,0.006283504444665696,0.006033687220366744,0.006301541641480923,1.0,0.00689273903841503,12,13,0.0,1.0
L8_06,E8_relax_constitutive_Cvcal,C_v,5,0.0004000000000000001,0.9579261158497991,0.9577654091493829,0.9579933383967913,1.0,0.036516092590371585,15,16,0.0,1.0
L8_06,E8_relax_constitutive_Cvcal,D,5,3.0000000000000015e-07,0.020784581102985547,0.020427990853516136,0.02101127164953287,0.8,0.009139948602566506,15,16,0.0,1.0
L8_06,E8_relax_constitutive_Cvcal,S_v,5,2.4000000000000004e-05,0.2572326556187163,0.2571986401075615,0.25725547868877624,1.0,0.043325052991388446,15,16,0.0,1.0
L8_06,E8_relax_constitutive_Cvcal,eta_s,5,0.5,0.012798358289470822,0.011537142104989543,0.013170725481924035,1.0,0.009032977033362477,15,16,0.0,1.0
L8_06,E8_relax_constitutive_Cvcal,k,5,1.9999999999999983e-12,0.14262167694626268,0.14127317062519354,0.14452967150630158,1.0,0.08613544874876311,15,16,0.0,1.0
L8_06,E8_relax_constitutive_Cvcal,mu,5,5999.999999999995,0.0022788524359578692,0.0022716005518064594,0.002304786351038274,0.6,0.0018846302073551868,15,16,0.0,1.0
L8_06,E8_relax_constitutive_Cvcal,phi,5,0.06,0.06739897703280866,0.06708403963939193,0.06746343748517428,1.0,0.005776846909979483,15,16,0.0,1.0
L8_06,E8_relax_constitutive_Cvcal,vmag,5,0.002999999999999999,0.006285540385989132,0.006035377340544816,0.006303564567646283,1.0,0.007000351064992749,15,16,0.0,1.0
L8_06,E8_relax_constitutive_Cvcal_norm,C_v,5,0.0004000000000000001,0.9804635518777937,0.980450437535617,0.9804724312118315,1.0,0.020179268809398465,12,16,0.0,1.0
L8_06,E8_relax_constitutive_Cvcal_norm,D,5,3.0000000000000015e-07,0.030150781793930492,0.029498013476714824,0.030890297443689818,0.8,0.045374401643899276,12,16,0.0,1.0
L8_06,E8_relax_constitutive_Cvcal_norm,S_v,5,2.4000000000000004e-05,0.6582133395488686,0.6579206316743503,0.6583858286274771,1.0,0.6763214978407,12,16,0.0,1.0
L8_06,E8_relax_constitutive_Cvcal_norm,eta_s,5,0.5,0.012774466344975876,0.01157554574641366,0.013154051458776735,1.0,0.011719348554477316,12,16,0.0,1.0
L8_06,E8_relax_constitutive_Cvcal_norm,k,5,1.9999999999999983e-12,0.29993502515431125,0.299511390955509,0.30038380410266746,1.0,0.6607214756759348,12,16,0.0,1.0
L8_06,E8_relax_constitutive_Cvcal_norm,mu,5,5999.999999999995,0.002278972828873977,0.002272846212975508,0.0023053747382662483,0.6,0.0017684486895195306,12,16,0.0,1.0
L8_06,E8_relax_constitutive_Cvcal_norm,phi,5,0.06,0.6869735510489186,0.6867111429053836,0.6871255500267659,1.0,0.6965007666500993,12,16,0.0,1.0
L8_06,E8_relax_constitutive_Cvcal_norm,vmag,5,0.002999999999999999,0.007223944712936489,0.0069042024354785065,0.007452159681929345,0.8,0.010197934010656162,12,16,0.0,1.0
L8_06,E8_relax_independent_matched,D,5,3.0000000000000015e-07,0.020788522551276126,0.020431627625958584,0.021015225766445655,0.8,0.00945488689852425,15,16,0.0,1.0
L8_06,E8_relax_independent_matched,S_v,5,2.4000000000000004e-05,0.6570639216478649,0.6566399559059539,0.6571650280003619,1.0,0.2553065265074643,15,16,0.0,1.0
L8_06,E8_relax_independent_matched,eta_s,5,0.5,0.012910772376961116,0.011768063494245877,0.013292913808824688,1.0,0.009936281762148558,15,16,0.0,1.0
L8_06,E8_relax_independent_matched,k,5,1.9999999999999983e-12,0.2993741013469149,0.2988849132104565,0.29965474121775937,1.0,0.25925617079800034,15,16,0.0,1.0
L8_06,E8_relax_independent_matched,mu,5,5999.999999999995,0.0022865445286586648,0.002282075100018878,0.0023124840523443095,0.6,0.0018634054611865736,15,16,0.0,1.0
L8_06,E8_relax_independent_matched,phi,5,0.06,0.0675732599669554,0.06725559459680294,0.06763895408823306,1.0,0.008029322223149116,15,16,0.0,1.0
L8_06,E8_relax_independent_matched,vmag,5,0.002999999999999999,0.006286463819124453,0.006036111331308202,0.006304635193124492,1.0,0.0070610226731417924,15,16,0.0,1.0
L8_07,E2_ceus,D,5,2.9999999999999997e-06,0.022031896483112347,0.021782484253252715,0.0222664839210971,0.8,0.021121017979318424,6,9,0.0,1.0
L8_07,E2_ceus,S_v,5,4.800000000000004e-06,1.0,1.0,1.0,1.0,1.5386881312972491,6,9,0.0,1.0
L8_07,E2_ceus,k,5,7.000000000000004e-14,1.0,1.0,1.0,1.0,1.5079674904357532,6,9,0.0,1.0
L8_07,E2_ceus,phi,5,0.011999999999999999,0.83829946691229,0.8382991825348809,0.8383035559463948,1.0,0.43458880948529677,6,9,0.0,1.0
L8_07,E2_ceus,vmag,5,0.002999999999999999,0.006096574020829575,0.0060287041352349,0.006154281126327359,1.0,0.004482352224139063,6,9,0.0,1.0
L8_07,E2_ceus_Acal,D,5,2.9999999999999997e-06,0.022025610818861573,0.02177599961397131,0.022258839774463076,0.8,0.020657334073671763,6,9,0.0,1.0
L8_07,E2_ceus_Acal,S_v,5,4.800000000000004e-06,1.0,1.0,1.0,1.0,1.5386881312972491,6,9,0.0,1.0
L8_07,E2_ceus_Acal,k,5,7.000000000000004e-14,1.0,1.0,1.0,1.0,1.5079674904357532,6,9,0.0,1.0
L8_07,E2_ceus_Acal,phi,5,0.011999999999999999,0.0709316716325416,0.07089404870125812,0.07147073387671271,1.0,0.021504564985356467,6,9,0.0,1.0
L8_07,E2_ceus_Acal,vmag,5,0.002999999999999999,0.006096174494382866,0.006028095460473232,0.006153502880038864,1.0,0.004432012212423508,6,9,0.0,1.0
L8_07,E3_joint_independent,D,5,2.9999999999999997e-06,0.022121269856651988,0.022030001776871106,0.02233064574086685,1.0,0.020581967910883847,11,13,0.0,1.0
L8_07,E3_joint_independent,S_v,5,4.800000000000004e-06,1.0,1.0,1.0,1.0,1.5386881312972491,11,13,0.0,1.0
L8_07,E3_joint_independent,eta_s,5,4.0,0.010569581248475712,0.010427424131747512,0.010706221810278383,0.8,0.008568220191225162,11,13,0.0,1.0
L8_07,E3_joint_independent,k,5,7.000000000000004e-14,0.9996884613937431,0.9996374762993498,0.9997645958447929,1.0,1.5089184434782261,11,13,0.0,1.0
L8_07,E3_joint_independent,mu,5,5999.999999999995,0.006955470815681303,0.0069114752437201485,0.007097607588521087,0.8,0.00651183457248905,11,13,0.0,1.0
L8_07,E3_joint_independent,phi,5,0.011999999999999999,0.07103675403698277,0.07097089430761452,0.07136224444452342,1.0,0.016640397248188776,11,13,0.0,1.0
L8_07,E3_joint_independent,vmag,5,0.002999999999999999,0.006163341868686763,0.006082662473749064,0.006202101431576762,1.0,0.010811987008189305,11,13,0.0,1.0
L8_07,E4_joint_constitutive_Cvcal,C_v,5,0.0004000000000000001,1.0,1.0,1.0,1.0,0.0,11,13,0.0,1.0
L8_07,E4_joint_constitutive_Cvcal,D,5,2.9999999999999997e-06,0.022121269860155474,0.022030001782360475,0.022330645742183772,1.0,0.020581964803865205,11,13,0.0,1.0
L8_07,E4_joint_constitutive_Cvcal,S_v,5,4.800000000000001e-06,0.2701384766531384,0.2701223473001761,0.2702183962079644,1.0,0.016640397248188776,11,13,0.0,1.0
L8_07,E4_joint_constitutive_Cvcal,eta_s,5,4.0,0.010569581248475712,0.010427423630412316,0.010706221849671614,0.8,0.008568220191225162,11,13,0.0,1.0
L8_07,E4_joint_constitutive_Cvcal,k,5,7.000000000000004e-14,0.9996884613937431,0.9996374842969259,0.9997645918043668,1.0,1.508920803720624,11,13,0.0,1.0
L8_07,E4_joint_constitutive_Cvcal,mu,5,5999.999999999995,0.006955470735344507,0.006911475265975104,0.007097607783132413,0.8,0.00651183457248905,11,13,0.0,1.0
L8_07,E4_joint_constitutive_Cvcal,phi,5,0.011999999999999999,0.07103675405358632,0.07097089430761452,0.07136224443959797,1.0,0.016640397248188776,11,13,0.0,1.0
L8_07,E4_joint_constitutive_Cvcal,vmag,5,0.002999999999999999,0.0061633418657224825,0.006082662473749064,0.006202101431576762,1.0,0.010811987239619292,11,13,0.0,1.0
L8_07,E5_joint_network,C_v,5,0.0004000000000000001,1.0,1.0,1.0,1.0,0.9162907318741551,11,13,0.0,1.0
L8_07,E5_joint_network,D,5,2.9999999999999997e-06,0.02210554688552152,0.02201431585365999,0.022314623338856022,1.0,0.02103797433612975,11,13,0.0,1.0
L8_07,E5_joint_network,S_v,5,4.800000000000001e-06,0.8391376077547913,0.839135961884907,0.8391457530334866,1.0,0.91482059894469,11,13,0.0,1.0
L8_07,E5_joint_network,eta_s,5,4.0,0.010566014712105555,0.010422694667246721,0.010702883972304643,0.8,0.008444370869501228,11,13,0.0,1.0
L8_07,E5_joint_network,k,5,7.000000000000004e-14,0.4867082284054411,0.4867016906629256,0.48674655164116815,1.0,0.30077686570479045,11,13,0.0,1.0
L8_07,E5_joint_network,mu,5,5999.999999999995,0.006954154149993488,0.00691013864431397,0.0070963710599361175,0.8,0.006544150534134374,11,13,0.0,1.0
L8_07,E5_joint_network,phi,5,0.011999999999999999,0.07090888942267531,0.07084335486228997,0.07123232909135974,1.0,0.019075419549573702,11,13,0.0,1.0
L8_07,E5_joint_network,vmag,5,0.002999999999999999,0.006162641274716744,0.006082080049614397,0.00620138019146186,1.0,0.010853210758644316,11,13,0.0,1.0
L8_07,E8_relax_constitutive_Cvcal,C_v,5,0.0004000000000000001,0.9579069564865966,0.9578994819117236,0.957909553124992,1.0,0.004633222751781574,14,16,5.3935310471007745e-12,0.9999999999973033
L8_07,E8_relax_constitutive_Cvcal,D,5,2.9999999999999997e-06,0.022109693329801217,0.022018467144153713,0.022318193801525395,1.0,0.020456177293679545,14,16,5.3935310471007745e-12,0.9999999999973033
L8_07,E8_relax_constitutive_Cvcal,S_v,5,4.800000000000001e-06,0.25796442352487997,0.25795216061890175,0.25803573551911985,1.0,0.011688659422766534,14,16,5.3935310471007745e-12,0.9999999999973033
L8_07,E8_relax_constitutive_Cvcal,eta_s,5,4.0,0.010565939969408399,0.010422526012273276,0.010702760219854543,0.8,0.00842831934304078,14,16,5.3935310471007745e-12,0.9999999999973033
L8_07,E8_relax_constitutive_Cvcal,k,5,7.000000000000004e-14,0.12911444374517045,0.12908629190110055,0.12914030940723673,1.0,0.05572529886271482,14,16,5.3935310471007745e-12,0.9999999999973033
L8_07,E8_relax_constitutive_Cvcal,mu,5,5999.999999999995,0.006954127487079245,0.006910108818471048,0.007096346988024352,0.8,0.006547163917597132,14,16,5.3935310471007745e-12,0.9999999999973033
L8_07,E8_relax_constitutive_Cvcal,phi,5,0.011999999999999999,0.07083547997475134,0.0707699042585851,0.07115774790546686,1.0,0.016321882174548108,14,16,5.3935310471007745e-12,0.9999999999973033
L8_07,E8_relax_constitutive_Cvcal,vmag,5,0.002999999999999999,0.006162700449228013,0.006082265802450286,0.006201485583084966,1.0,0.010808848270283278,14,16,5.3935310471007745e-12,0.9999999999973033
L8_07,E8_relax_constitutive_Cvcal_norm,C_v,5,0.0004000000000000001,0.9803608700988192,0.9803593664223237,0.9803610492462068,1.0,0.022252527042936343,11,16,0.0,1.0
L8_07,E8_relax_constitutive_Cvcal_norm,D,5,2.9999999999999997e-06,0.02905424275815972,0.028472056753605545,0.02948423547628673,1.0,0.01968427550514562,11,16,0.0,1.0
L8_07,E8_relax_constitutive_Cvcal_norm,S_v,5,4.800000000000001e-06,0.6560018321068782,0.65596891438585,0.6560057569876742,1.0,0.296463543789379,11,16,0.0,1.0
L8_07,E8_relax_constitutive_Cvcal_norm,eta_s,5,4.0,0.010565960384888681,0.010422647243099485,0.010702833855427049,0.8,0.008438955442388263,11,16,0.0,1.0
L8_07,E8_relax_constitutive_Cvcal_norm,k,5,7.000000000000004e-14,0.2970873539086014,0.2970858603455446,0.29709917452854595,1.0,0.29713412761859104,11,16,0.0,1.0
L8_07,E8_relax_constitutive_Cvcal_norm,mu,5,5999.999999999995,0.006954139514092527,0.006910118396704798,0.007096355256136478,0.8,0.006543601834925639,11,16,0.0,1.0
L8_07,E8_relax_constitutive_Cvcal_norm,phi,5,0.011999999999999999,0.685004356258842,0.6849749844307904,0.6850078585757735,1.0,0.31871607083231623,11,16,0.0,1.0
L8_07,E8_relax_constitutive_Cvcal_norm,vmag,5,0.002999999999999999,0.005952088886664535,0.005800376453463156,0.006114897309616907,1.0,0.006887374859385176,11,16,0.0,1.0
L8_07,E8_relax_independent_matched,D,5,2.9999999999999997e-06,0.022121270527970638,0.022030001965991072,0.022330645751763828,1.0,0.02058187377973475,14,16,9.902236523830393e-12,0.9999999999950488
L8_07,E8_relax_independent_matched,S_v,5,4.800000000000004e-06,0.6560026851350225,0.6559697860932235,0.6560065474520903,1.0,0.028705771639017996,14,16,9.902236523830393e-12,0.9999999999950488
L8_07,E8_relax_independent_matched,eta_s,5,4.0,0.01056595098341739,0.010422554068056285,0.010702771568004473,0.8,0.008427411484998482,14,16,9.902236523830393e-12,0.9999999999950488
L8_07,E8_relax_independent_matched,k,5,7.000000000000004e-14,0.29708751370891656,0.297086015942054,0.29709935087872935,1.0,0.03234559981263274,14,16,9.902236523830393e-12,0.9999999999950488
L8_07,E8_relax_independent_matched,mu,5,5999.999999999995,0.0069541323761714005,0.00691011397595427,0.007096350917058753,0.8,0.006546810026373251,14,16,9.902236523830393e-12,0.9999999999950488
L8_07,E8_relax_independent_matched,phi,5,0.011999999999999999,0.07103675452462944,0.07097089478884033,0.07136224445001976,1.0,0.016639915634801383,14,16,9.902236523830393e-12,0.9999999999950488
L8_07,E8_relax_independent_matched,vmag,5,0.002999999999999999,0.0061633417804572935,0.006082662509125235,0.006202101329245189,1.0,0.010811991059551218,14,16,9.902236523830393e-12,0.9999999999950488
L8_08,E2_ceus,D,5,3.0000000000000015e-07,0.006971087892335555,0.006945180494023614,0.006990442656535789,1.0,0.006937076410704179,6,9,0.0,1.0
L8_08,E2_ceus,S_v,5,2.9999999999999977e-05,1.0,1.0,1.0,1.0,0.2938933324510593,6,9,0.0,1.0
L8_08,E2_ceus,k,5,1.9999999999999983e-12,1.0,1.0,1.0,1.0,1.8444397270569226,6,9,0.0,1.0
L8_08,E2_ceus,phi,5,0.011999999999999999,0.8382518500904482,0.8382517629381138,0.8382518812653721,1.0,0.43877113486063823,6,9,0.0,1.0
L8_08,E2_ceus,vmag,5,0.0004000000000000001,0.00207952096417849,0.002073235686656146,0.0020837094798736673,1.0,0.00301647524187576,6,9,0.0,1.0
L8_08,E2_ceus_Acal,D,5,3.0000000000000015e-07,0.006970897811488543,0.006944995644391647,0.006990247368784184,1.0,0.006891351378971677,6,9,0.0,1.0
L8_08,E2_ceus_Acal,S_v,5,2.9999999999999977e-05,1.0,1.0,1.0,1.0,0.2938933324510593,6,9,0.0,1.0
L8_08,E2_ceus_Acal,k,5,1.9999999999999983e-12,1.0,1.0,1.0,1.0,1.8444397270569048,6,9,0.0,1.0
L8_08,E2_ceus_Acal,phi,5,0.011999999999999999,0.06431178331030626,0.06429902990150246,0.0643163404844346,1.0,0.007378552903088753,6,9,0.0,1.0
L8_08,E2_ceus_Acal,vmag,5,0.0004000000000000001,0.002079515772238255,0.0020732302161722447,0.002083704548143983,1.0,0.0030207879699117868,6,9,0.0,1.0
L8_08,E3_joint_independent,D,5,3.0000000000000015e-07,0.006935072798969705,0.006925254966635267,0.006988015964403479,0.8,0.008945615320754996,12,13,0.0,1.0
L8_08,E3_joint_independent,S_v,5,2.9999999999999977e-05,1.0,1.0,1.0,1.0,0.2938933324510593,12,13,0.0,1.0
L8_08,E3_joint_independent,eta_s,5,4.0,0.010580810240793272,0.010433302817486853,0.010713939872586916,0.8,0.00747398472865668,12,13,0.0,1.0
L8_08,E3_joint_independent,k,5,1.9999999999999983e-12,0.9996894774195926,0.9996354884692825,0.9997641423952163,1.0,1.8395282827196873,12,13,0.0,1.0
L8_08,E3_joint_independent,mu,5,5999.999999999995,0.00696056608401277,0.0069166691367375955,0.007102921512703743,0.8,0.006459718816389071,12,13,0.0,1.0
L8_08,E3_joint_independent,phi,5,0.011999999999999999,0.06429863464666022,0.06429414355052807,0.06431584900290287,1.0,0.012616077399418835,12,13,0.0,1.0
L8_08,E3_joint_independent,vmag,5,0.0004000000000000001,0.002069808932760257,0.0020638531385104597,0.0020840065843901892,1.0,0.0009725190687470686,12,13,0.0,1.0
L8_08,E4_joint_constitutive_Cvcal,C_v,5,0.0025000000000000005,1.0,1.0,1.0,1.0,0.0,12,13,0.0,1.0
L8_08,E4_joint_constitutive_Cvcal,D,5,3.0000000000000015e-07,0.006935072798385518,0.006925254965225679,0.006988015964298502,0.8,0.008945615320754996,12,13,0.0,1.0
L8_08,E4_joint_constitutive_Cvcal,S_v,5,3e-05,0.2685612578296847,0.26856025602031147,0.2685650983744658,1.0,0.012615977436265524,12,13,0.0,1.0
L8_08,E4_joint_constitutive_Cvcal,eta_s,5,4.0,0.01058081020644532,0.010433302817486853,0.010713939937457888,0.8,0.007473983693897734,12,13,0.0,1.0
L8_08,E4_joint_constitutive_Cvcal,k,5,1.9999999999999983e-12,0.9996894764525581,0.9996354884692825,0.999764137016259,1.0,1.83953016968562,12,13,0.0,1.0
L8_08,E4_joint_constitutive_Cvcal,mu,5,5999.999999999995,0.00696056608401277,0.006916669165426933,0.007102921437854671,0.8,0.006459718810846837,12,13,0.0,1.0
L8_08,E4_joint_constitutive_Cvcal,phi,5,0.011999999999999999,0.06429863464666022,0.06429414354977597,0.06431584900275969,1.0,0.012615977436265524,12,13,0.0,1.0
L8_08,E4_joint_constitutive_Cvcal,vmag,5,0.0004000000000000001,0.0020698089327229976,0.0020638531385104597,0.0020840065844618047,1.0,0.0009725187924258805,12,13,0.0,1.0
L8_08,E5_joint_network,C_v,5,0.0025000000000000005,1.0,1.0,1.0,1.0,0.9162907318741551,12,13,0.0,1.0
L8_08,E5_joint_network,D,5,3.0000000000000015e-07,0.006934764204126674,0.0069249514954723155,0.006987686752626891,0.8,0.009100805010154644,12,13,0.0,1.0
L8_08,E5_joint_network,S_v,5,3e-05,0.8389775026758014,0.8389774008563957,0.8389778923072428,1.0,0.90785561108226,12,13,0.0,1.0
L8_08,E5_joint_network,eta_s,5,4.0,0.010577167119544215,0.010428523113824424,0.010710509582134299,0.8,0.007335591653770734,12,13,0.0,1.0
L8_08,E5_joint_network,k,5,1.9999999999999983e-12,0.4859499808257898,0.485949092491568,0.48595107943852206,0.0,3.2109625040915795,12,13,0.0,1.0
L8_08,E5_joint_network,mu,5,5999.999999999995,0.006959235472311003,0.006915310843864083,0.007101671146653917,0.8,0.006421849694307369,12,13,0.0,1.0
L8_08,E5_joint_network,phi,5,0.011999999999999999,0.06422215938411807,0.06421768582532786,0.06423927544090575,1.0,0.014603573533835679,12,13,0.0,1.0
L8_08,E5_joint_network,vmag,5,0.0004000000000000001,0.002069788746618535,0.0020638353015066248,0.002083984520529987,1.0,0.0009933423956143272,12,13,0.0,1.0
L8_08,E8_relax_constitutive_Cvcal,C_v,5,0.0025000000000000005,0.9584543930890201,0.9583943435879266,0.95855371882494,1.0,0.037895151340259225,15,16,0.0,1.0
L8_08,E8_relax_constitutive_Cvcal,D,5,3.0000000000000015e-07,0.006934669066548064,0.006924857178922785,0.0069876102496374175,0.8,0.008908170195930154,15,16,0.0,1.0
L8_08,E8_relax_constitutive_Cvcal,S_v,5,3e-05,0.25676297952856225,0.25674322055871657,0.25678790016408837,1.0,0.03638993194778806,15,16,0.0,1.0
L8_08,E8_relax_constitutive_Cvcal,eta_s,5,4.0,0.010581705013784443,0.010438063529945725,0.01071911929688125,0.8,0.0084107412088259,15,16,0.0,1.0
L8_08,E8_relax_constitutive_Cvcal,k,5,1.9999999999999983e-12,0.14459459935438282,0.14279314885523134,0.14706156714656515,1.0,0.046351988295334934,15,16,0.0,1.0
L8_08,E8_relax_constitutive_Cvcal,mu,5,5999.999999999995,0.006960616464186434,0.006916870549143248,0.007102960205378622,0.8,0.006568694923201335,15,16,0.0,1.0
L8_08,E8_relax_constitutive_Cvcal,phi,5,0.011999999999999999,0.06415117106481721,0.06414647056203343,0.06416791257674467,1.0,0.01053295720468661,15,16,0.0,1.0
L8_08,E8_relax_constitutive_Cvcal,vmag,5,0.0004000000000000001,0.00206979545743819,0.00206384074621307,0.0020839927403882874,1.0,0.0009674326829092195,15,16,0.0,1.0
L8_08,E8_relax_constitutive_Cvcal_norm,C_v,5,0.0025000000000000005,0.9804884356821251,0.9804735068976204,0.980507377774459,1.0,0.04180968763041726,12,16,0.0,1.0
L8_08,E8_relax_constitutive_Cvcal_norm,D,5,3.0000000000000015e-07,0.009468263366996911,0.009438010313702797,0.009497181817476337,1.0,0.010402133882628561,12,16,0.0,1.0
L8_08,E8_relax_constitutive_Cvcal_norm,S_v,5,3e-05,0.6588289153013958,0.6584864262252015,0.659140940385902,1.0,0.02103242706292363,12,16,0.0,1.0
L8_08,E8_relax_constitutive_Cvcal_norm,eta_s,5,4.0,0.010592330260978512,0.01045130522176163,0.010729047881524397,0.8,0.008465501868424985,12,16,0.0,1.0
L8_08,E8_relax_constitutive_Cvcal_norm,k,5,1.9999999999999983e-12,0.3006816413546337,0.30019661235945316,0.3013689926812067,1.0,0.023197404531703825,12,16,0.0,1.0
L8_08,E8_relax_constitutive_Cvcal_norm,mu,5,5999.999999999995,0.006965016102808176,0.006921611057921119,0.0071070290081426775,0.8,0.006556012408308831,12,16,0.0,1.0
L8_08,E8_relax_constitutive_Cvcal_norm,phi,5,0.011999999999999999,0.6875298531641543,0.6872204572359749,0.6877979721267559,1.0,0.04855539533638975,12,16,0.0,1.0
L8_08,E8_relax_constitutive_Cvcal_norm,vmag,5,0.0004000000000000001,0.0019771293366670144,0.001965544690451974,0.0019815594642515087,0.8,0.0026409273659728782,12,16,0.0,1.0
L8_08,E8_relax_independent_matched,D,5,3.0000000000000015e-07,0.006935072890268521,0.006925254777198741,0.00698801556947793,0.8,0.008945297031901944,15,16,0.0,1.0
L8_08,E8_relax_independent_matched,S_v,5,2.9999999999999977e-05,0.6590444458903781,0.658739839846288,0.6594534661533409,1.0,0.2599162706988256,15,16,0.0,1.0
L8_08,E8_relax_independent_matched,eta_s,5,4.0,0.010586660066737096,0.010443713427488009,0.010722969366315123,0.8,0.008174349166583772,15,16,0.0,1.0
L8_08,E8_relax_independent_matched,k,5,1.9999999999999983e-12,0.30081256791991245,0.300314188760823,0.3015109391040739,1.0,0.24892711080898167,15,16,0.0,1.0
L8_08,E8_relax_independent_matched,mu,5,5999.999999999995,0.006963095695074126,0.006919406901036742,0.007105195255233872,0.8,0.006631566597123495,15,16,0.0,1.0
L8_08,E8_relax_independent_matched,phi,5,0.011999999999999999,0.06429862938528327,0.06429414144317094,0.06431584436303045,1.0,0.012596274889372872,15,16,0.0,1.0
L8_08,E8_relax_independent_matched,vmag,5,0.0004000000000000001,0.002069808936814773,0.002063853123454624,0.002084006590193321,1.0,0.0009724988322528105,15,16,0.0,1.0
reference,E2_ceus,D,5,1.0000000000000004e-06,0.011482727344356814,0.01145915742174786,0.011516531994237175,1.0,0.010764805744488015,6,9,0.0,1.0
reference,E2_ceus,S_v,5,2.8000000000000023e-05,1.0,1.0,1.0,1.0,0.22490046096410943,6,9,0.0,1.0
reference,E2_ceus,k,5,3.4999999999999997e-13,1.0,1.0,1.0,1.0,0.10147042199834644,6,9,0.0,1.0
reference,E2_ceus,phi,5,0.028000000000000004,0.8382619544639669,0.8382618792955064,0.8382622365671352,1.0,0.15909172922108183,6,9,0.0,1.0
reference,E2_ceus,vmag,5,0.0010488088481701513,0.0034050998813712086,0.003395056054514377,0.0034227508573653528,1.0,0.001926277104908003,6,9,0.0,1.0
reference,E2_ceus_Acal,D,5,1.0000000000000004e-06,0.011481636894098382,0.011458055915685675,0.011515429052202163,1.0,0.010715629165545693,6,9,0.0,1.0
reference,E2_ceus_Acal,S_v,5,2.8000000000000023e-05,1.0,1.0,1.0,1.0,0.22490046096410943,6,9,0.0,1.0
reference,E2_ceus_Acal,k,5,3.4999999999999997e-13,1.0,1.0,1.0,1.0,0.10147042199834644,6,9,0.0,1.0
reference,E2_ceus_Acal,phi,5,0.028000000000000004,0.06577233478773918,0.06576159087857708,0.06581262651396086,1.0,0.009372918104547878,6,9,0.0,1.0
reference,E2_ceus_Acal,vmag,5,0.0010488088481701513,0.003405068594240562,0.0033950250417529664,0.003422716475744442,1.0,0.0019242563397394719,6,9,0.0,1.0
reference,E3_joint_independent,D,5,1.0000000000000004e-06,0.01146672444225962,0.011431566131298525,0.011508750907313889,1.0,0.007987979368802911,12,13,0.0,1.0
reference,E3_joint_independent,S_v,5,2.8000000000000023e-05,1.0,1.0,1.0,1.0,0.22490046096410943,12,13,0.0,1.0
reference,E3_joint_independent,eta_s,5,1.5,0.005808283411941782,0.005673555132632086,0.005918789233854285,0.8,0.004243764134797934,12,13,0.0,1.0
reference,E3_joint_independent,k,5,3.4999999999999997e-13,0.9992612998671367,0.999147514386453,0.9993042042956533,1.0,0.09158661303685989,12,13,0.0,1.0
reference,E3_joint_independent,mu,5,2999.9999999999977,0.0029372352472927556,0.002918245152918718,0.002959878295671366,1.0,0.00215727741277405,12,13,0.0,1.0
reference,E3_joint_independent,phi,5,0.028000000000000004,0.0657802552605662,0.06575147887325603,0.06579079120728941,1.0,0.008904535074568898,12,13,0.0,1.0
reference,E3_joint_independent,vmag,5,0.0010488088481701513,0.0034036711894509107,0.0033986611705644817,0.003406344948058477,0.8,0.004189402504056083,12,13,0.0,1.0
reference,E4_joint_constitutive_Cvcal,C_v,5,0.0010000000000000002,1.0,1.0,1.0,1.0,0.0,12,13,0.0,1.0
reference,E4_joint_constitutive_Cvcal,D,5,1.0000000000000004e-06,0.011466724442257546,0.011431566130221425,0.011508750907313889,1.0,0.007987980789394555,12,13,0.0,1.0
reference,E4_joint_constitutive_Cvcal,S_v,5,2.800000000000001e-05,0.2688953675019634,0.26888880986381164,0.2688977691379642,1.0,0.008904734405987824,12,13,0.0,1.0
reference,E4_joint_constitutive_Cvcal,eta_s,5,1.5,0.005808283411941782,0.0056735583696603505,0.005918789865585015,0.8,0.00424377548529975,12,13,0.0,1.0
reference,E4_joint_constitutive_Cvcal,k,5,3.4999999999999997e-13,0.9992612933693269,0.9991474723682365,0.9993042042956533,1.0,0.09157876182274549,12,13,0.0,1.0
reference,E4_joint_constitutive_Cvcal,mu,5,2999.9999999999977,0.0029372353464759597,0.002918245152918718,0.0029598784003000145,1.0,0.00215727741277405,12,13,0.0,1.0
reference,E4_joint_constitutive_Cvcal,phi,5,0.028000000000000004,0.0657802552605662,0.06575147887209991,0.06579079120511035,1.0,0.00890473440598738,12,13,0.0,1.0
reference,E4_joint_constitutive_Cvcal,vmag,5,0.0010488088481701513,0.0034036711846453798,0.003398661170036036,0.0034063449477407673,0.8,0.004189402692287736,12,13,0.0,1.0
reference,E5_joint_network,C_v,5,0.0010000000000000002,1.0,1.0,1.0,1.0,0.0,12,13,0.0,1.0
reference,E5_joint_network,D,5,1.0000000000000004e-06,0.011464679590108133,0.011429512215581283,0.011506656984428687,1.0,0.008041005895865538,12,13,0.0,1.0
reference,E5_joint_network,S_v,5,2.800000000000001e-05,0.8390113946906693,0.8390107302542509,0.8390116386776014,1.0,0.009169455966276274,12,13,0.0,1.0
reference,E5_joint_network,eta_s,5,1.5,0.005804572613699571,0.005670598088445613,0.00591410173957906,0.8,0.004336871110131979,12,13,0.0,1.0
reference,E5_joint_network,k,5,3.4999999999999997e-13,0.4859101774886102,0.48586273908857985,0.48592049939597176,1.0,0.3801201000436585,12,13,0.0,1.0
reference,E5_joint_network,mu,5,2999.9999999999977,0.0029368614396138295,0.0029176152404823265,0.0029588449499670173,1.0,0.002174096462987052,12,13,0.0,1.0
reference,E5_joint_network,phi,5,0.028000000000000004,0.06569435054624563,0.06566580557988111,0.06570482940314537,1.0,0.009169455966276274,12,13,0.0,1.0
reference,E5_joint_network,vmag,5,0.0010488088481701513,0.0034035842332782516,0.003398580146184736,0.0034062693348292663,0.8,0.004195605379808676,12,13,0.0,1.0
reference,E8_relax_constitutive_Cvcal,C_v,5,0.0010000000000000002,0.9579539105620245,0.9579504712186229,0.9579603056040045,1.0,0.01466789958157122,14,16,0.0,1.0
reference,E8_relax_constitutive_Cvcal,D,5,1.0000000000000004e-06,0.011464999053763879,0.01142983081390228,0.011506985564334271,1.0,0.008045730753712732,14,16,0.0,1.0
reference,E8_relax_constitutive_Cvcal,S_v,5,2.800000000000001e-05,0.2569057339721635,0.2569004957175144,0.25690919971061965,1.0,0.021863091475195162,14,16,0.0,1.0
reference,E8_relax_constitutive_Cvcal,eta_s,5,1.5,0.005800824045785347,0.005666031414846631,0.0059095629361401785,0.8,0.0042291174072675575,14,16,0.0,1.0
reference,E8_relax_constitutive_Cvcal,k,5,3.4999999999999997e-13,0.1318475905896671,0.13160024705345086,0.1321222815178923,1.0,0.027100863954977683,14,16,0.0,1.0
reference,E8_relax_constitutive_Cvcal,mu,5,2999.9999999999977,0.002936042553398111,0.0029168306012136106,0.0029578818941767933,1.0,0.0021619595142539083,14,16,0.0,1.0
reference,E8_relax_constitutive_Cvcal,phi,5,0.028000000000000004,0.06562006268518425,0.06559153382138387,0.0656305683194983,1.0,0.00962633127954371,14,16,0.0,1.0
reference,E8_relax_constitutive_Cvcal,vmag,5,0.0010488088481701513,0.0034036178780141734,0.003398617842374856,0.0034063063735098376,0.8,0.0041919268978549695,14,16,0.0,1.0
reference,E8_relax_constitutive_Cvcal_norm,C_v,5,0.0010000000000000002,0.9803794071117508,0.9803787766683081,0.9803811108904142,1.0,0.001459951223999667,12,16,0.0,1.0
reference,E8_relax_constitutive_Cvcal_norm,D,5,1.0000000000000004e-06,0.014320197496873327,0.014274432488854063,0.014361124679061685,1.0,0.012303353741181411,12,16,0.0,1.0
reference,E8_relax_constitutive_Cvcal_norm,S_v,5,2.800000000000001e-05,0.6564075149338433,0.6563936421340523,0.6564446045625667,1.0,0.20326681439617644,12,16,0.0,1.0
reference,E8_relax_constitutive_Cvcal_norm,eta_s,5,1.5,0.005801442032672213,0.0056666412567206136,0.005909911076205985,0.8,0.00419899511362215,12,16,0.0,1.0
reference,E8_relax_constitutive_Cvcal_norm,k,5,3.4999999999999997e-13,0.2979522821151564,0.2978744930128537,0.29805368012279165,1.0,0.18491701714055608,12,16,0.0,1.0
reference,E8_relax_constitutive_Cvcal_norm,mu,5,2999.9999999999977,0.0029361165296289435,0.0029169182885721815,0.0029579631306222193,1.0,0.0021558261750307395,12,16,0.0,1.0
reference,E8_relax_constitutive_Cvcal_norm,phi,5,0.028000000000000004,0.6853663605283546,0.6853539707709742,0.6853994406088433,1.0,0.20472676562017522,12,16,0.0,1.0
reference,E8_relax_constitutive_Cvcal_norm,vmag,5,0.0010488088481701513,0.0029494082814968915,0.002945311205906921,0.0029561162984710334,1.0,0.0013095562916003445,12,16,0.0,1.0
reference,E8_relax_independent_matched,D,5,1.0000000000000004e-06,0.011466724436602765,0.011431566129590237,0.011508750949232796,1.0,0.007987991442405473,14,16,0.0,1.0
reference,E8_relax_independent_matched,S_v,5,2.8000000000000023e-05,0.6564010950569319,0.6563863486734866,0.6564362394979141,1.0,0.1059817285399518,14,16,0.0,1.0
reference,E8_relax_independent_matched,eta_s,5,1.5,0.005801480504418626,0.0056666719159444625,0.005910040509477933,0.8,0.004216028801676874,14,16,0.0,1.0
reference,E8_relax_independent_matched,k,5,3.4999999999999997e-13,0.2979497924877541,0.2978715347876087,0.2980508970300851,1.0,0.08852003789784035,14,16,0.0,1.0
reference,E8_relax_independent_matched,mu,5,2999.9999999999977,0.0029361339757952745,0.0029169413106712914,0.0029579881069151832,1.0,0.002158676657749936,14,16,0.0,1.0
reference,E8_relax_independent_matched,phi,5,0.028000000000000004,0.06578025530677041,0.06575147885855429,0.06579079120197782,1.0,0.008904673307588151,14,16,0.0,1.0
reference,E8_relax_independent_matched,vmag,5,0.0010488088481701513,0.003403671197986862,0.003398661164117559,0.0034063449390085722,0.8,0.0041894043293355665,14,16,0.0,1.0
