scenario,comparison,quantity,numerator,denominator,n_replicates,numerator_contraction_median,denominator_contraction_median,width_gain_median,width_gain_min,width_gain_max,width_gain_per_replicate
L8_01,calibrated_delivery_to_phi,phi,E2_ceus_Acal,E2_ceus,5,0.06431178331189469,0.8382518496666747,13.034187616931423,13.033264560284758,13.036771541049582,13.0333;13.0368;13.0342;13.0341;13.0348
L8_02,calibrated_delivery_to_phi,phi,E2_ceus_Acal,E2_ceus,5,0.0709316716480609,0.8382994668928087,11.818408440339157,11.729326265107828,11.824676370128437,11.8247;11.8115;11.822;11.7293;11.8184
L8_03,calibrated_delivery_to_phi,phi,E2_ceus_Acal,E2_ceus,5,0.06763166990839355,0.8382751537499445,12.394713229547344,12.362904778783772,12.43438292118144,12.3629;12.4344;12.3947;12.3634;12.4141
L8_04,calibrated_delivery_to_phi,phi,E2_ceus_Acal,E2_ceus,5,0.06549920213059512,0.8382600483678273,12.798019229249059,12.794786044852398,12.809227685888565,12.7971;12.798;12.8092;12.8035;12.7948
L8_05,calibrated_delivery_to_phi,phi,E2_ceus_Acal,E2_ceus,5,0.0654992021601399,0.8382600483149621,12.798019222669136,12.79478604616827,12.80922768893045,12.7971;12.798;12.8092;12.8035;12.7948
L8_06,calibrated_delivery_to_phi,phi,E2_ceus_Acal,E2_ceus,5,0.06763166991020732,0.8382751537510884,12.394713229231852,12.36290477870177,12.43438292182122,12.3629;12.4344;12.3947;12.3634;12.4141
L8_07,calibrated_delivery_to_phi,phi,E2_ceus_Acal,E2_ceus,5,0.0709316716325416,0.83829946691229,11.818408443199582,11.72932626370497,11.824676371177599,11.8247;11.8115;11.822;11.7293;11.8184
L8_08,calibrated_delivery_to_phi,phi,E2_ceus_Acal,E2_ceus,5,0.06431178331030626,0.8382518500904482,13.034187623842712,13.033264563120472,13.036771537956383,13.0333;13.0368;13.0342;13.0341;13.0348
reference,calibrated_delivery_to_phi,phi,E2_ceus_Acal,E2_ceus,5,0.06577233478773918,0.8382619544639669,12.744901897875607,12.73710351598434,12.746982974351736,12.7371;12.747;12.7448;12.7449;12.7468
L8_01,network_prior_to_k_current_protocol,k,E5_joint_network,E3_joint_independent,5,0.4859368291953653,0.9982190598817576,2.054213477549361,2.0532674069919845,2.055058489644521,2.05327;2.05421;2.05381;2.05462;2.05506
L8_02,network_prior_to_k_current_protocol,k,E5_joint_network,E3_joint_independent,5,0.48669288159353413,0.9981671144871106,2.0508277025238555,2.049727869376148,2.051790881891939,2.04973;2.05083;2.05052;2.05138;2.05179
L8_03,network_prior_to_k_current_protocol,k,E5_joint_network,E3_joint_independent,5,0.48314186767039347,0.99965222148369,2.069065606555273,2.067734412300152,2.0778312430777093,2.06825;2.06907;2.06773;2.07783;2.07093
L8_04,network_prior_to_k_current_protocol,k,E5_joint_network,E3_joint_independent,5,0.48414067526043664,0.9996524778637383,2.0647975453126084,2.0633757408792315,2.06818374042728,2.06404;2.0648;2.06338;2.06818;2.06608
L8_05,network_prior_to_k_current_protocol,k,E5_joint_network,E3_joint_independent,5,0.4768297022850829,0.9981257221097654,2.093254084899716,2.0797427876041987,2.147276016074223,2.07974;2.10398;2.08334;2.09325;2.14728
L8_06,network_prior_to_k_current_protocol,k,E5_joint_network,E3_joint_independent,5,0.47033065244322336,0.9980488099651916,2.1220152349855033,2.0941390664085597,4.09766830989214,2.09414;2.1485;2.10334;2.12202;4.09767
L8_07,network_prior_to_k_current_protocol,k,E5_joint_network,E3_joint_independent,5,0.4867082284054411,0.9996884613937431,2.053946658536451,2.0538552689316463,2.0541598916171195,2.05397;2.05386;2.05416;2.05395;2.05387
L8_08,network_prior_to_k_current_protocol,k,E5_joint_network,E3_joint_independent,5,0.4859499808257898,0.9996894774195926,2.0571844668744763,2.057078619786964,2.057339606632531,2.05734;2.05718;2.05734;2.05713;2.05708
reference,network_prior_to_k_current_protocol,k,E5_joint_network,E3_joint_independent,5,0.4859101774886102,0.9992612998671367,2.056517898581863,2.0562391171769048,2.0566740757721633,2.05653;2.05652;2.05647;2.05624;2.05667
L8_01,constitutive_coupling_to_k_with_relaxation,k,E8_relax_constitutive_Cvcal,E8_relax_independent_matched,5,0.12857247280408707,0.2970846904773019,2.3106246219031523,2.310517863732205,2.3111472321465816,2.31062;2.31062;2.31052;2.31115;2.311
L8_02,constitutive_coupling_to_k_with_relaxation,k,E8_relax_constitutive_Cvcal,E8_relax_independent_matched,5,0.14489034025921893,0.29983180761307077,2.0701195443489464,2.0405213043485313,2.092232667369366,2.07217;2.09223;2.06925;2.07012;2.04052
L8_03,constitutive_coupling_to_k_with_relaxation,k,E8_relax_constitutive_Cvcal,E8_relax_independent_matched,5,0.7029936003201186,0.8536101373836071,1.2042353886261832,1.1370125330729008,1.2147362988428996,1.20424;1.20194;1.13701;1.21474;1.20848
L8_04,constitutive_coupling_to_k_with_relaxation,k,E8_relax_constitutive_Cvcal,E8_relax_independent_matched,5,0.14262003306509277,0.3001763712783214,2.1047279602110236,2.0804207866823083,2.122041773798801,2.10637;2.12204;2.10444;2.10473;2.08042
L8_05,constitutive_coupling_to_k_with_relaxation,k,E8_relax_constitutive_Cvcal,E8_relax_independent_matched,5,0.7026100711812931,0.853499912611435,1.2049119206645995,1.1385575466867097,1.214756160805455,1.20491;1.19962;1.13856;1.21476;1.20672
L8_06,constitutive_coupling_to_k_with_relaxation,k,E8_relax_constitutive_Cvcal,E8_relax_independent_matched,5,0.14262167694626268,0.2993741013469149,2.0990785395106086,2.0733095017426524,2.1156523343233844,2.10089;2.11565;2.09863;2.09908;2.07331
L8_07,constitutive_coupling_to_k_with_relaxation,k,E8_relax_constitutive_Cvcal,E8_relax_independent_matched,5,0.12911444374517045,0.29708751370891656,2.300962658331781,2.300490197876249,2.3015561645101092,2.30049;2.30059;2.30096;2.30156;2.30134
L8_08,constitutive_coupling_to_k_with_relaxation,k,E8_relax_constitutive_Cvcal,E8_relax_independent_matched,5,0.14459459935438282,0.30081256791991245,2.0804542407562927,2.0502361354791,2.1031414403872555,2.08423;2.10314;2.08045;2.08039;2.05024
reference,constitutive_coupling_to_k_with_relaxation,k,E8_relax_constitutive_Cvcal,E8_relax_independent_matched,5,0.1318475905896671,0.2979497924877541,2.2596008526901628,2.2558715578168576,2.263457261342564,2.2596;2.26346;2.26021;2.25916;2.25587
L8_01,absolute_amplitude_to_k_with_relaxation,k,E8_relax_constitutive_Cvcal,E8_relax_constitutive_Cvcal_norm,5,0.12857247280408707,0.2970825909674655,2.310608756827888,2.3105010918402606,2.311134162964768,2.3106;2.31061;2.3105;2.31113;2.31099
L8_02,absolute_amplitude_to_k_with_relaxation,k,E8_relax_constitutive_Cvcal,E8_relax_constitutive_Cvcal_norm,5,0.14489034025921893,0.2990095636756001,2.065438176894899,2.0363542959023695,2.0871481477451272,2.06547;2.08715;2.06357;2.06544;2.03635
L8_03,absolute_amplitude_to_k_with_relaxation,k,E8_relax_constitutive_Cvcal,E8_relax_constitutive_Cvcal_norm,5,0.7029936003201186,0.854232395992515,1.2081722439224372,1.1028665337640777,1.215621808616512,1.20254;1.21252;1.10287;1.21562;1.20817
L8_04,absolute_amplitude_to_k_with_relaxation,k,E8_relax_constitutive_Cvcal,E8_relax_constitutive_Cvcal_norm,5,0.14262003306509277,0.3002881187515869,2.10551149300697,2.0812554196083926,2.1228470917588846,2.10722;2.12285;2.10507;2.10551;2.08126
L8_05,absolute_amplitude_to_k_with_relaxation,k,E8_relax_constitutive_Cvcal,E8_relax_constitutive_Cvcal_norm,5,0.7026100711812931,0.8541826825961045,1.2071391813676187,1.1042573833703135,1.2157279231138454,1.2033;1.21268;1.10426;1.21573;1.20714
L8_06,absolute_amplitude_to_k_with_relaxation,k,E8_relax_constitutive_Cvcal,E8_relax_constitutive_Cvcal_norm,5,0.14262167694626268,0.29993502515431125,2.1030114886906106,2.0783538838221918,2.12008684755955,2.10471;2.12009;2.10231;2.10301;2.07835
L8_07,absolute_amplitude_to_k_with_relaxation,k,E8_relax_constitutive_Cvcal,E8_relax_constitutive_Cvcal_norm,5,0.12911444374517045,0.2970873539086014,2.300961420667655,2.300488993012251,2.3015547983682763,2.30049;2.30059;2.30096;2.30155;2.30134
L8_08,absolute_amplitude_to_k_with_relaxation,k,E8_relax_constitutive_Cvcal,E8_relax_constitutive_Cvcal_norm,5,0.14459459935438282,0.3006816413546337,2.079835661995158,2.04927091781128,2.102318036727399,2.08354;2.10232;2.07984;2.07948;2.04927
reference,absolute_amplitude_to_k_with_relaxation,k,E8_relax_constitutive_Cvcal,E8_relax_constitutive_Cvcal_norm,5,0.1318475905896671,0.2979522821151564,2.259627096001396,2.255892622338864,2.2634797402155997,2.25963;2.26348;2.26023;2.25918;2.25589
